model,seed,threshold,fit_seconds,predict_seconds,n,phishing,accuracy,precision,recall,f1,average_precision,roc_auc,false_positive_rate,tn,fp,fn,tp
Logistic Regression,17,0.533640507011071,0.21241491600085283,0.003605584002798423,47031,20061,0.993833854266335,0.9989904598455404,0.9865410497981157,0.9927267255216693,0.9973986851415998,0.996425127499059,0.0007415647015202076,26950,20,270,19791
Decision Tree,17,0.6685119391886309,0.16373758299596375,0.0025454999995417893,47031,20061,0.9965979885607366,0.9995983330822915,0.9924231095159762,0.9959977987893341,0.9967837735689871,0.9969714441772024,0.00029662588060808305,26962,8,152,19909
Random Forest,17,0.5031817281611768,1.6762080420012353,0.04674762500508223,47031,20061,0.9968744019901767,0.9997992169460898,0.9928717411893724,0.9963234374609209,0.9985259681038795,0.9981315709740094,0.00014831294030404152,26966,4,143,19918
Logistic Regression,42,0.533640507011071,0.2050494999930379,0.0040214580003521405,47031,20061,0.993833854266335,0.9989904598455404,0.9865410497981157,0.9927267255216693,0.9973986851415998,0.996425127499059,0.0007415647015202076,26950,20,270,19791
Decision Tree,42,0.6685119391886309,0.16507583299971884,0.002802542003337294,47031,20061,0.9966192511322319,0.9995983532483181,0.992472957479687,0.9960229120288151,0.9968123227412024,0.9969974503237872,0.00029662588060808305,26962,8,151,19910
Random Forest,42,0.45175524952076657,1.6665640830033226,0.044100082996010315,47031,20061,0.9967680891326998,0.9994982186763008,0.9929215891530832,0.9961990497624406,0.9985394341054726,0.9981707368351519,0.0003707823507601038,26960,10,142,19919
Logistic Regression,73,0.533640507011071,0.20799237499886658,0.004100874997675419,47031,20061,0.993833854266335,0.9989904598455404,0.9865410497981157,0.9927267255216693,0.9973986851415998,0.996425127499059,0.0007415647015202076,26950,20,270,19791
Decision Tree,73,0.6685119391886309,0.16534833300102036,0.0027240830022492446,47031,20061,0.9966192511322319,0.9995983532483181,0.992472957479687,0.9960229120288151,0.9968123227412024,0.9969974503237872,0.00029662588060808305,26962,8,151,19910
Random Forest,73,0.4950021304830958,1.688603458002035,0.057689624998602085,47031,20061,0.9968318768471859,0.9996988556514756,0.9928717411893724,0.9962736026009754,0.9984558354031456,0.9980299648548752,0.0002224694104560623,26964,6,143,19918
