batch,end_index,phase,model_version,n,phishing,accuracy,precision,recall,f1,average_precision,roc_auc,false_positive_rate,tn,fp,fn,tp,seed,policy,delay_batches
0,400,A,0,400,198,0.9975,1.0,0.9949494949494949,0.9974683544303797,0.9998756033238793,0.9998749874987499,0.0,202,0,1,197,17,fixed,0
1,800,A,0,400,191,1.0,1.0,1.0,1.0,0.9999999999999999,1.0,0.0,209,0,0,191,17,fixed,0
2,1200,A,0,400,213,1.0,1.0,1.0,1.0,1.0,0.9999999999999999,0.0,187,0,0,213,17,fixed,0
3,1600,A,0,400,196,0.9925,1.0,0.9846938775510204,0.9922879177377892,0.9958744568061337,0.9930222088835535,0.0,204,0,3,193,17,fixed,0
4,2000,A,0,400,196,0.9975,1.0,0.9948979591836735,0.9974424552429667,0.9978830338105392,0.996623649459784,0.0,204,0,1,195,17,fixed,0
5,2400,A,0,400,207,0.9975,1.0,0.9951690821256038,0.9975786924939467,0.9999767744332961,0.9999749693374383,0.0,193,0,1,206,17,fixed,0
6,2800,A,0,400,204,0.995,1.0,0.9901960784313726,0.9950738916256158,0.9968390707198177,0.9952105842336936,0.0,196,0,2,202,17,fixed,0
7,3200,A,0,400,192,0.9975,1.0,0.9947916666666666,0.9973890339425587,0.9999730138169257,0.9999749599358975,0.0,208,0,1,191,17,fixed,0
8,3600,A,0,400,204,0.9975,1.0,0.9950980392156863,0.9975429975429976,0.9977090052731274,0.995560724289716,0.0,196,0,1,203,17,fixed,0
9,4000,A,0,400,206,1.0,1.0,1.0,1.0,1.0,1.0,0.0,194,0,0,206,17,fixed,0
10,4400,A,0,400,191,0.9975,1.0,0.9947643979057592,0.9973753280839895,0.9987643979057591,0.9985470577920289,0.0,209,0,1,190,17,fixed,0
11,4800,A,0,400,205,0.995,1.0,0.9902439024390244,0.9950980392156863,0.996839054501656,0.994208880550344,0.0,195,0,2,203,17,fixed,0
12,5200,A,0,400,185,0.995,1.0,0.9891891891891892,0.9945652173913043,0.9958270849758655,0.9941923318667505,0.0,215,0,2,183,17,fixed,0
13,5600,A,0,400,200,1.0,1.0,1.0,1.0,1.0,1.0,0.0,200,0,0,200,17,fixed,0
14,6000,A,0,400,212,0.995,1.0,0.9905660377358491,0.995260663507109,0.9985429902456843,0.9980053191489362,0.0,188,0,2,210,17,fixed,0
15,6400,B,0,400,197,0.4925,0.4925,1.0,0.6599664991624791,0.9976378166764734,0.996086619489385,1.0,0,203,0,197,17,fixed,0
16,6800,B,0,400,183,0.4575,0.4575,1.0,0.62778730703259,0.9908686535048763,0.9856966583566267,1.0,0,217,0,183,17,fixed,0
17,7200,B,0,400,187,0.4675,0.4675,1.0,0.637137989778535,0.9945134324428562,0.9904345861263839,1.0,0,213,0,187,17,fixed,0
18,7600,B,0,400,193,0.4825,0.4825,1.0,0.6509274873524452,0.9953030280790852,0.9928412305073715,1.0,0,207,0,193,17,fixed,0
19,8000,B,0,400,190,0.475,0.475,1.0,0.6440677966101694,0.9966426528395969,0.9946115288220552,1.0,0,210,0,190,17,fixed,0
20,8400,B,0,400,201,0.5025,0.5025,1.0,0.6688851913477537,0.9987358632007806,0.9985749643741094,1.0,0,199,0,201,17,fixed,0
21,8800,B,0,400,206,0.515,0.515,1.0,0.6798679867986799,1.0,1.0,1.0,0,194,0,206,17,fixed,0
22,9200,B,0,400,206,0.515,0.515,1.0,0.6798679867986799,0.999883417947891,0.9998748873986587,1.0,0,194,0,206,17,fixed,0
23,9600,B,0,400,213,0.5325,0.5325,1.0,0.6949429037520392,0.9975231411923197,0.9954306946850443,1.0,0,187,0,213,17,fixed,0
24,10000,B,0,400,203,0.5075,0.5075,1.0,0.6733001658374793,0.9971658175308429,0.9959240829186566,1.0,0,197,0,203,17,fixed,0
25,10400,B,0,400,215,0.5375,0.5375,1.0,0.6991869918699187,0.9980084116773874,0.9959522313010686,1.0,0,185,0,215,17,fixed,0
26,10800,B,0,400,195,0.4875,0.4875,1.0,0.6554621848739496,0.9992702751450198,0.9992620387742339,1.0,0,205,0,195,17,fixed,0
27,11200,B,0,400,202,0.505,0.505,1.0,0.6710963455149501,0.9977013877424438,0.9972997299729973,1.0,0,198,0,202,17,fixed,0
28,11600,B,0,400,206,0.515,0.515,1.0,0.6798679867986799,0.9988910973743674,0.9986738064257833,1.0,0,194,0,206,17,fixed,0
29,12000,B,0,400,203,0.5075,0.5075,1.0,0.6733001658374793,0.9981134053034272,0.9968492910904954,1.0,0,197,0,203,17,fixed,0
0,400,A,0,400,198,0.9975,1.0,0.9949494949494949,0.9974683544303797,0.9998756033238793,0.9998749874987499,0.0,202,0,1,197,17,periodic,0
1,800,A,0,400,191,1.0,1.0,1.0,1.0,0.9999999999999999,1.0,0.0,209,0,0,191,17,periodic,0
2,1200,A,0,400,213,1.0,1.0,1.0,1.0,1.0,0.9999999999999999,0.0,187,0,0,213,17,periodic,0
3,1600,A,0,400,196,0.9925,1.0,0.9846938775510204,0.9922879177377892,0.9958744568061337,0.9930222088835535,0.0,204,0,3,193,17,periodic,0
4,2000,A,1,400,196,0.9975,1.0,0.9948979591836735,0.9974424552429667,0.9988505283536341,0.9985994397759104,0.0,204,0,1,195,17,periodic,0
5,2400,A,1,400,207,0.9975,0.9951923076923077,1.0,0.9975903614457832,1.0,1.0,0.0051813471502590676,192,1,0,207,17,periodic,0
6,2800,A,1,400,204,0.995,1.0,0.9901960784313726,0.9950738916256158,0.9978551957069625,0.9970488195278111,0.0,196,0,2,202,17,periodic,0
7,3200,A,1,400,192,0.9975,1.0,0.9947916666666666,0.9973890339425587,0.9999730138169256,0.9999749599358975,0.0,208,0,1,191,17,periodic,0
8,3600,A,2,400,204,0.9975,1.0,0.9950980392156863,0.9975429975429976,0.9976887127908157,0.9954731892757103,0.0,196,0,1,203,17,periodic,0
9,4000,A,2,400,206,1.0,1.0,1.0,1.0,1.0,1.0,0.0,194,0,0,206,17,periodic,0
10,4400,A,2,400,191,0.9975,1.0,0.9947643979057592,0.9973753280839895,0.9985379828114196,0.9981712968761742,0.0,209,0,1,190,17,periodic,0
11,4800,A,2,400,205,0.995,1.0,0.9902439024390244,0.9950980392156863,0.9983515714600528,0.9979111944965604,0.0,195,0,2,203,17,periodic,0
12,5200,A,3,400,185,0.995,1.0,0.9891891891891892,0.9945652173913043,0.9946555584238049,0.9909490886235072,0.0,215,0,2,183,17,periodic,0
13,5600,A,3,400,200,1.0,1.0,1.0,1.0,1.0,1.0,0.0,200,0,0,200,17,periodic,0
14,6000,A,3,400,212,0.995,1.0,0.9905660377358491,0.995260663507109,0.9987871796431158,0.9983314933761542,0.0,188,0,2,210,17,periodic,0
15,6400,B,3,400,197,0.4925,0.4925,1.0,0.6599664991624791,0.994519863081236,0.991673126453452,1.0,0,203,0,197,17,periodic,0
16,6800,B,4,400,183,0.9925,1.0,0.9836065573770492,0.9917355371900827,0.9986655072569525,0.9985646294477601,0.0,217,0,3,180,17,periodic,0
17,7200,B,4,400,187,0.9925,1.0,0.983957219251337,0.9919137466307277,0.9996743147104896,0.9996987271220908,0.0,213,0,3,184,17,periodic,0
18,7600,B,4,400,193,0.995,1.0,0.9896373056994818,0.9947916666666666,0.997831800664942,0.996746013866987,0.0,207,0,2,191,17,periodic,0
19,8000,B,4,400,190,0.9975,1.0,0.9947368421052631,0.9973614775725593,0.9999724441995042,0.9999749373433583,0.0,210,0,1,189,17,periodic,0
20,8400,B,5,400,201,0.9975,1.0,0.9950248756218906,0.9975062344139651,0.9999753706713955,0.9999749993749845,0.0,199,0,1,200,17,periodic,0
21,8800,B,5,400,206,1.0,1.0,1.0,1.0,1.0,1.0,0.0,194,0,0,206,17,periodic,0
22,9200,B,5,400,206,0.9975,1.0,0.9951456310679612,0.9975669099756691,1.0,1.0,0.0,194,0,1,205,17,periodic,0
23,9600,B,5,400,213,1.0,1.0,1.0,1.0,1.0,1.0,0.0,187,0,0,213,17,periodic,0
24,10000,B,6,400,203,1.0,1.0,1.0,1.0,1.0,1.0,0.0,197,0,0,203,17,periodic,0
25,10400,B,6,400,215,0.995,0.9907834101382489,1.0,0.9953703703703703,0.9999568335236264,0.9999497171590195,0.010810810810810811,183,2,0,215,17,periodic,0
26,10800,B,6,400,195,0.99,0.9897435897435898,0.9897435897435898,0.9897435897435898,0.9993808563407595,0.999349593495935,0.00975609756097561,203,2,2,193,17,periodic,0
27,11200,B,6,400,202,0.9975,1.0,0.995049504950495,0.9975186104218362,0.9997888414433861,0.9997749774977497,0.0,198,0,1,201,17,periodic,0
28,11600,B,7,400,206,0.995,1.0,0.9902912621359223,0.9951219512195122,0.9999765489423573,0.9999749774797317,0.0,194,0,2,204,17,periodic,0
29,12000,B,7,400,203,1.0,1.0,1.0,1.0,1.0,1.0,0.0,197,0,0,203,17,periodic,0
0,400,A,0,400,198,0.9975,1.0,0.9949494949494949,0.9974683544303797,0.9998756033238793,0.9998749874987499,0.0,202,0,1,197,17,drift,0
1,800,A,0,400,191,1.0,1.0,1.0,1.0,0.9999999999999999,1.0,0.0,209,0,0,191,17,drift,0
2,1200,A,0,400,213,1.0,1.0,1.0,1.0,1.0,0.9999999999999999,0.0,187,0,0,213,17,drift,0
3,1600,A,0,400,196,0.9925,1.0,0.9846938775510204,0.9922879177377892,0.9958744568061337,0.9930222088835535,0.0,204,0,3,193,17,drift,0
4,2000,A,0,400,196,0.9975,1.0,0.9948979591836735,0.9974424552429667,0.9978830338105392,0.996623649459784,0.0,204,0,1,195,17,drift,0
5,2400,A,0,400,207,0.9975,1.0,0.9951690821256038,0.9975786924939467,0.9999767744332961,0.9999749693374383,0.0,193,0,1,206,17,drift,0
6,2800,A,0,400,204,0.995,1.0,0.9901960784313726,0.9950738916256158,0.9968390707198177,0.9952105842336936,0.0,196,0,2,202,17,drift,0
7,3200,A,0,400,192,0.9975,1.0,0.9947916666666666,0.9973890339425587,0.9999730138169257,0.9999749599358975,0.0,208,0,1,191,17,drift,0
8,3600,A,0,400,204,0.9975,1.0,0.9950980392156863,0.9975429975429976,0.9977090052731274,0.995560724289716,0.0,196,0,1,203,17,drift,0
9,4000,A,0,400,206,1.0,1.0,1.0,1.0,1.0,1.0,0.0,194,0,0,206,17,drift,0
10,4400,A,0,400,191,0.9975,1.0,0.9947643979057592,0.9973753280839895,0.9987643979057591,0.9985470577920289,0.0,209,0,1,190,17,drift,0
11,4800,A,0,400,205,0.995,1.0,0.9902439024390244,0.9950980392156863,0.996839054501656,0.994208880550344,0.0,195,0,2,203,17,drift,0
12,5200,A,0,400,185,0.995,1.0,0.9891891891891892,0.9945652173913043,0.9958270849758655,0.9941923318667505,0.0,215,0,2,183,17,drift,0
13,5600,A,0,400,200,1.0,1.0,1.0,1.0,1.0,1.0,0.0,200,0,0,200,17,drift,0
14,6000,A,0,400,212,0.995,1.0,0.9905660377358491,0.995260663507109,0.9985429902456843,0.9980053191489362,0.0,188,0,2,210,17,drift,0
15,6400,B,0,400,197,0.4925,0.4925,1.0,0.6599664991624791,0.9976378166764734,0.996086619489385,1.0,0,203,0,197,17,drift,0
16,6800,B,1,400,183,0.9925,1.0,0.9836065573770492,0.9917355371900827,0.9986655072569525,0.99856462944776,0.0,217,0,3,180,17,drift,0
17,7200,B,1,400,187,0.9925,1.0,0.983957219251337,0.9919137466307277,0.9996743147104896,0.9996987271220908,0.0,213,0,3,184,17,drift,0
18,7600,B,1,400,193,0.995,1.0,0.9896373056994818,0.9947916666666666,0.997831800664942,0.996746013866987,0.0,207,0,2,191,17,drift,0
19,8000,B,1,400,190,0.9975,1.0,0.9947368421052631,0.9973614775725593,0.9999724441995042,0.9999749373433584,0.0,210,0,1,189,17,drift,0
20,8400,B,1,400,201,0.995,1.0,0.9900497512437811,0.995,0.9998781725398007,0.9998749968749219,0.0,199,0,2,199,17,drift,0
21,8800,B,1,400,206,0.9975,0.9951690821256038,1.0,0.9975786924939467,1.0,1.0,0.005154639175257732,193,1,0,206,17,drift,0
22,9200,B,1,400,206,0.9975,1.0,0.9951456310679612,0.9975669099756691,1.0,0.9999999999999999,0.0,194,0,1,205,17,drift,0
23,9600,B,1,400,213,0.9925,0.9952830188679245,0.9906103286384976,0.9929411764705882,0.9999560200334413,0.9999497878536818,0.0053475935828877,186,1,2,211,17,drift,0
24,10000,B,1,400,203,0.9975,1.0,0.9950738916256158,0.9975308641975309,1.0,0.9999999999999999,0.0,197,0,1,202,17,drift,0
25,10400,B,1,400,215,0.9975,0.9953703703703703,1.0,0.9976798143851509,0.999978466838932,0.9999748585795097,0.005405405405405406,184,1,0,215,17,drift,0
26,10800,B,1,400,195,0.9925,1.0,0.9846153846153847,0.9922480620155039,0.9996336996336994,0.999624765478424,0.0,205,0,3,192,17,drift,0
27,11200,B,1,400,202,0.9925,1.0,0.9851485148514851,0.9925187032418953,0.9998787803807414,0.9998749874987499,0.0,198,0,3,199,17,drift,0
28,11600,B,1,400,206,1.0,1.0,1.0,1.0,1.0,1.0,0.0,194,0,0,206,17,drift,0
29,12000,B,1,400,203,0.9975,1.0,0.9950738916256158,0.9975308641975309,1.0,1.0,0.0,197,0,1,202,17,drift,0
0,400,A,0,400,198,0.9975,1.0,0.9949494949494949,0.9974683544303797,0.9998756033238793,0.9998749874987499,0.0,202,0,1,197,17,fixed,2
1,800,A,0,400,191,1.0,1.0,1.0,1.0,0.9999999999999999,1.0,0.0,209,0,0,191,17,fixed,2
2,1200,A,0,400,213,1.0,1.0,1.0,1.0,1.0,0.9999999999999999,0.0,187,0,0,213,17,fixed,2
3,1600,A,0,400,196,0.9925,1.0,0.9846938775510204,0.9922879177377892,0.9958744568061337,0.9930222088835535,0.0,204,0,3,193,17,fixed,2
4,2000,A,0,400,196,0.9975,1.0,0.9948979591836735,0.9974424552429667,0.9978830338105392,0.996623649459784,0.0,204,0,1,195,17,fixed,2
5,2400,A,0,400,207,0.9975,1.0,0.9951690821256038,0.9975786924939467,0.9999767744332961,0.9999749693374383,0.0,193,0,1,206,17,fixed,2
6,2800,A,0,400,204,0.995,1.0,0.9901960784313726,0.9950738916256158,0.9968390707198177,0.9952105842336936,0.0,196,0,2,202,17,fixed,2
7,3200,A,0,400,192,0.9975,1.0,0.9947916666666666,0.9973890339425587,0.9999730138169257,0.9999749599358975,0.0,208,0,1,191,17,fixed,2
8,3600,A,0,400,204,0.9975,1.0,0.9950980392156863,0.9975429975429976,0.9977090052731274,0.995560724289716,0.0,196,0,1,203,17,fixed,2
9,4000,A,0,400,206,1.0,1.0,1.0,1.0,1.0,1.0,0.0,194,0,0,206,17,fixed,2
10,4400,A,0,400,191,0.9975,1.0,0.9947643979057592,0.9973753280839895,0.9987643979057591,0.9985470577920289,0.0,209,0,1,190,17,fixed,2
11,4800,A,0,400,205,0.995,1.0,0.9902439024390244,0.9950980392156863,0.996839054501656,0.994208880550344,0.0,195,0,2,203,17,fixed,2
12,5200,A,0,400,185,0.995,1.0,0.9891891891891892,0.9945652173913043,0.9958270849758655,0.9941923318667505,0.0,215,0,2,183,17,fixed,2
13,5600,A,0,400,200,1.0,1.0,1.0,1.0,1.0,1.0,0.0,200,0,0,200,17,fixed,2
14,6000,A,0,400,212,0.995,1.0,0.9905660377358491,0.995260663507109,0.9985429902456843,0.9980053191489362,0.0,188,0,2,210,17,fixed,2
15,6400,B,0,400,197,0.4925,0.4925,1.0,0.6599664991624791,0.9976378166764734,0.996086619489385,1.0,0,203,0,197,17,fixed,2
16,6800,B,0,400,183,0.4575,0.4575,1.0,0.62778730703259,0.9908686535048763,0.9856966583566267,1.0,0,217,0,183,17,fixed,2
17,7200,B,0,400,187,0.4675,0.4675,1.0,0.637137989778535,0.9945134324428562,0.9904345861263839,1.0,0,213,0,187,17,fixed,2
18,7600,B,0,400,193,0.4825,0.4825,1.0,0.6509274873524452,0.9953030280790852,0.9928412305073715,1.0,0,207,0,193,17,fixed,2
19,8000,B,0,400,190,0.475,0.475,1.0,0.6440677966101694,0.9966426528395969,0.9946115288220552,1.0,0,210,0,190,17,fixed,2
20,8400,B,0,400,201,0.5025,0.5025,1.0,0.6688851913477537,0.9987358632007806,0.9985749643741094,1.0,0,199,0,201,17,fixed,2
21,8800,B,0,400,206,0.515,0.515,1.0,0.6798679867986799,1.0,1.0,1.0,0,194,0,206,17,fixed,2
22,9200,B,0,400,206,0.515,0.515,1.0,0.6798679867986799,0.999883417947891,0.9998748873986587,1.0,0,194,0,206,17,fixed,2
23,9600,B,0,400,213,0.5325,0.5325,1.0,0.6949429037520392,0.9975231411923197,0.9954306946850443,1.0,0,187,0,213,17,fixed,2
24,10000,B,0,400,203,0.5075,0.5075,1.0,0.6733001658374793,0.9971658175308429,0.9959240829186566,1.0,0,197,0,203,17,fixed,2
25,10400,B,0,400,215,0.5375,0.5375,1.0,0.6991869918699187,0.9980084116773874,0.9959522313010686,1.0,0,185,0,215,17,fixed,2
26,10800,B,0,400,195,0.4875,0.4875,1.0,0.6554621848739496,0.9992702751450198,0.9992620387742339,1.0,0,205,0,195,17,fixed,2
27,11200,B,0,400,202,0.505,0.505,1.0,0.6710963455149501,0.9977013877424438,0.9972997299729973,1.0,0,198,0,202,17,fixed,2
28,11600,B,0,400,206,0.515,0.515,1.0,0.6798679867986799,0.9988910973743674,0.9986738064257833,1.0,0,194,0,206,17,fixed,2
29,12000,B,0,400,203,0.5075,0.5075,1.0,0.6733001658374793,0.9981134053034272,0.9968492910904954,1.0,0,197,0,203,17,fixed,2
0,400,A,0,400,198,0.9975,1.0,0.9949494949494949,0.9974683544303797,0.9998756033238793,0.9998749874987499,0.0,202,0,1,197,17,periodic,2
1,800,A,0,400,191,1.0,1.0,1.0,1.0,0.9999999999999999,1.0,0.0,209,0,0,191,17,periodic,2
2,1200,A,0,400,213,1.0,1.0,1.0,1.0,1.0,0.9999999999999999,0.0,187,0,0,213,17,periodic,2
3,1600,A,0,400,196,0.9925,1.0,0.9846938775510204,0.9922879177377892,0.9958744568061337,0.9930222088835535,0.0,204,0,3,193,17,periodic,2
4,2000,A,0,400,196,0.9975,1.0,0.9948979591836735,0.9974424552429667,0.9978830338105392,0.996623649459784,0.0,204,0,1,195,17,periodic,2
5,2400,A,0,400,207,0.9975,1.0,0.9951690821256038,0.9975786924939467,0.9999767744332961,0.9999749693374383,0.0,193,0,1,206,17,periodic,2
6,2800,A,1,400,204,0.995,1.0,0.9901960784313726,0.9950738916256158,0.9978551957069625,0.9970488195278111,0.0,196,0,2,202,17,periodic,2
7,3200,A,1,400,192,0.9975,1.0,0.9947916666666666,0.9973890339425587,0.9999730138169256,0.9999749599358975,0.0,208,0,1,191,17,periodic,2
8,3600,A,1,400,204,0.9975,1.0,0.9950980392156863,0.9975429975429976,0.9978528601523254,0.9960609243697479,0.0,196,0,1,203,17,periodic,2
9,4000,A,1,400,206,1.0,1.0,1.0,1.0,1.0,1.0,0.0,194,0,0,206,17,periodic,2
10,4400,A,2,400,191,0.9975,1.0,0.9947643979057592,0.9973753280839895,0.9985379828114196,0.9981712968761742,0.0,209,0,1,190,17,periodic,2
11,4800,A,2,400,205,0.995,1.0,0.9902439024390244,0.9950980392156863,0.9983515714600528,0.9979111944965604,0.0,195,0,2,203,17,periodic,2
12,5200,A,2,400,185,0.995,1.0,0.9891891891891892,0.9945652173913043,0.9963276546845949,0.9946574481458202,0.0,215,0,2,183,17,periodic,2
13,5600,A,2,400,200,1.0,1.0,1.0,1.0,1.0,1.0,0.0,200,0,0,200,17,periodic,2
14,6000,A,3,400,212,0.995,1.0,0.9905660377358491,0.995260663507109,0.9987871796431158,0.9983314933761542,0.0,188,0,2,210,17,periodic,2
15,6400,B,3,400,197,0.4925,0.4925,1.0,0.6599664991624791,0.994519863081236,0.991673126453452,1.0,0,203,0,197,17,periodic,2
16,6800,B,3,400,183,0.4575,0.4575,1.0,0.62778730703259,0.9892227302853769,0.9827000075545819,1.0,0,217,0,183,17,periodic,2
17,7200,B,3,400,187,0.4675,0.4675,1.0,0.637137989778535,0.9946743000105336,0.9907860711506112,1.0,0,213,0,187,17,periodic,2
18,7600,B,4,400,193,0.995,1.0,0.9896373056994818,0.9947916666666666,0.997831800664942,0.996746013866987,0.0,207,0,2,191,17,periodic,2
19,8000,B,4,400,190,0.9975,1.0,0.9947368421052631,0.9973614775725593,0.9999724441995042,0.9999749373433584,0.0,210,0,1,189,17,periodic,2
20,8400,B,4,400,201,0.995,1.0,0.9900497512437811,0.995,0.9998781725398007,0.9998749968749219,0.0,199,0,2,199,17,periodic,2
21,8800,B,4,400,206,0.9975,0.9951690821256038,1.0,0.9975786924939467,1.0,0.9999999999999999,0.005154639175257732,193,1,0,206,17,periodic,2
22,9200,B,5,400,206,0.9975,1.0,0.9951456310679612,0.9975669099756691,1.0,0.9999999999999999,0.0,194,0,1,205,17,periodic,2
23,9600,B,5,400,213,1.0,1.0,1.0,1.0,1.0,1.0,0.0,187,0,0,213,17,periodic,2
24,10000,B,5,400,203,1.0,1.0,1.0,1.0,1.0,1.0,0.0,197,0,0,203,17,periodic,2
25,10400,B,5,400,215,0.995,0.9907834101382489,1.0,0.9953703703703703,1.0,1.0,0.010810810810810811,183,2,0,215,17,periodic,2
26,10800,B,6,400,195,0.99,0.9897435897435898,0.9897435897435898,0.9897435897435898,0.9993808563407595,0.999349593495935,0.00975609756097561,203,2,2,193,17,periodic,2
27,11200,B,6,400,202,0.9975,1.0,0.995049504950495,0.9975186104218362,0.9997888414433861,0.9997749774977497,0.0,198,0,1,201,17,periodic,2
28,11600,B,6,400,206,0.995,0.9951456310679612,0.9951456310679612,0.9951456310679612,0.9999765489423573,0.9999749774797319,0.005154639175257732,193,1,1,205,17,periodic,2
29,12000,B,6,400,203,0.9975,0.9950980392156863,1.0,0.9975429975429976,1.0,1.0,0.005076142131979695,196,1,0,203,17,periodic,2
0,400,A,0,400,198,0.9975,1.0,0.9949494949494949,0.9974683544303797,0.9998756033238793,0.9998749874987499,0.0,202,0,1,197,17,drift,2
1,800,A,0,400,191,1.0,1.0,1.0,1.0,0.9999999999999999,1.0,0.0,209,0,0,191,17,drift,2
2,1200,A,0,400,213,1.0,1.0,1.0,1.0,1.0,0.9999999999999999,0.0,187,0,0,213,17,drift,2
3,1600,A,0,400,196,0.9925,1.0,0.9846938775510204,0.9922879177377892,0.9958744568061337,0.9930222088835535,0.0,204,0,3,193,17,drift,2
4,2000,A,0,400,196,0.9975,1.0,0.9948979591836735,0.9974424552429667,0.9978830338105392,0.996623649459784,0.0,204,0,1,195,17,drift,2
5,2400,A,0,400,207,0.9975,1.0,0.9951690821256038,0.9975786924939467,0.9999767744332961,0.9999749693374383,0.0,193,0,1,206,17,drift,2
6,2800,A,0,400,204,0.995,1.0,0.9901960784313726,0.9950738916256158,0.9968390707198177,0.9952105842336936,0.0,196,0,2,202,17,drift,2
7,3200,A,0,400,192,0.9975,1.0,0.9947916666666666,0.9973890339425587,0.9999730138169257,0.9999749599358975,0.0,208,0,1,191,17,drift,2
8,3600,A,0,400,204,0.9975,1.0,0.9950980392156863,0.9975429975429976,0.9977090052731274,0.995560724289716,0.0,196,0,1,203,17,drift,2
9,4000,A,0,400,206,1.0,1.0,1.0,1.0,1.0,1.0,0.0,194,0,0,206,17,drift,2
10,4400,A,0,400,191,0.9975,1.0,0.9947643979057592,0.9973753280839895,0.9987643979057591,0.9985470577920289,0.0,209,0,1,190,17,drift,2
11,4800,A,0,400,205,0.995,1.0,0.9902439024390244,0.9950980392156863,0.996839054501656,0.994208880550344,0.0,195,0,2,203,17,drift,2
12,5200,A,0,400,185,0.995,1.0,0.9891891891891892,0.9945652173913043,0.9958270849758655,0.9941923318667505,0.0,215,0,2,183,17,drift,2
13,5600,A,0,400,200,1.0,1.0,1.0,1.0,1.0,1.0,0.0,200,0,0,200,17,drift,2
14,6000,A,0,400,212,0.995,1.0,0.9905660377358491,0.995260663507109,0.9985429902456843,0.9980053191489362,0.0,188,0,2,210,17,drift,2
15,6400,B,0,400,197,0.4925,0.4925,1.0,0.6599664991624791,0.9976378166764734,0.996086619489385,1.0,0,203,0,197,17,drift,2
16,6800,B,0,400,183,0.4575,0.4575,1.0,0.62778730703259,0.9908686535048763,0.9856966583566267,1.0,0,217,0,183,17,drift,2
17,7200,B,0,400,187,0.4675,0.4675,1.0,0.637137989778535,0.9945134324428562,0.9904345861263839,1.0,0,213,0,187,17,drift,2
18,7600,B,1,400,193,0.995,1.0,0.9896373056994818,0.9947916666666666,0.997831800664942,0.996746013866987,0.0,207,0,2,191,17,drift,2
19,8000,B,1,400,190,0.9975,1.0,0.9947368421052631,0.9973614775725593,0.9999724441995042,0.9999749373433583,0.0,210,0,1,189,17,drift,2
20,8400,B,1,400,201,0.995,1.0,0.9900497512437811,0.995,0.9998781725398007,0.9998749968749219,0.0,199,0,2,199,17,drift,2
21,8800,B,2,400,206,1.0,1.0,1.0,1.0,1.0,1.0,0.0,194,0,0,206,17,drift,2
22,9200,B,2,400,206,0.9975,1.0,0.9951456310679612,0.9975669099756691,1.0,1.0,0.0,194,0,1,205,17,drift,2
23,9600,B,2,400,213,0.995,0.9953051643192489,0.9953051643192489,0.9953051643192489,0.9999780615155105,0.9999748939268409,0.0053475935828877,186,1,1,212,17,drift,2
24,10000,B,2,400,203,1.0,1.0,1.0,1.0,1.0,1.0,0.0,197,0,0,203,17,drift,2
25,10400,B,2,400,215,0.995,0.9907834101382489,1.0,0.9953703703703703,0.999978466838932,0.9999748585795097,0.010810810810810811,183,2,0,215,17,drift,2
26,10800,B,2,400,195,0.9925,0.9948453608247423,0.9897435897435898,0.9922879177377892,0.9992243486805177,0.9991494684177611,0.004878048780487805,204,1,2,193,17,drift,2
27,11200,B,2,400,202,0.9925,1.0,0.9851485148514851,0.9925187032418953,0.999855915423656,0.9998499849984999,0.0,198,0,3,199,17,drift,2
28,11600,B,2,400,206,1.0,1.0,1.0,1.0,1.0,1.0,0.0,194,0,0,206,17,drift,2
29,12000,B,2,400,203,1.0,1.0,1.0,1.0,1.0,1.0,0.0,197,0,0,203,17,drift,2
0,400,A,0,400,207,1.0,1.0,1.0,1.0,1.0,0.9999999999999999,0.0,193,0,0,207,42,fixed,0
1,800,A,0,400,205,0.9975,1.0,0.9951219512195122,0.9975550122249389,0.9999528690939083,0.9999499687304566,0.0,195,0,1,204,42,fixed,0
2,1200,A,0,400,208,0.9975,1.0,0.9951923076923077,0.9975903614457832,0.9999542124542125,0.9999499198717948,0.0,192,0,1,207,42,fixed,0
3,1600,A,0,400,193,1.0,1.0,1.0,1.0,0.9999999999999999,1.0,0.0,207,0,0,193,42,fixed,0
4,2000,A,0,400,207,0.9975,1.0,0.9951690821256038,0.9975786924939467,0.9998202449163015,0.9997997546995069,0.0,193,0,1,206,42,fixed,0
5,2400,A,0,400,218,0.9975,1.0,0.9954128440366973,0.9977011494252873,0.9989339707972605,0.9983365258594616,0.0,182,0,1,217,42,fixed,0
6,2800,A,0,400,199,0.995,1.0,0.9899497487437185,0.9949494949494949,0.996477119060522,0.9946748668716717,0.0,201,0,2,197,42,fixed,0
7,3200,A,0,400,197,1.0,1.0,1.0,1.0,1.0,1.0,0.0,203,0,0,197,42,fixed,0
8,3600,A,0,400,185,0.995,1.0,0.9891891891891892,0.9945652173913043,0.9953656256348385,0.9930609679446889,0.0,215,0,2,183,42,fixed,0
9,4000,A,0,400,187,0.9925,1.0,0.983957219251337,0.9919137466307277,0.9934978392507947,0.9902211845045317,0.0,213,0,3,184,42,fixed,0
10,4400,A,0,400,203,1.0,1.0,1.0,1.0,1.0,1.0,0.0,197,0,0,203,42,fixed,0
11,4800,A,0,400,195,1.0,1.0,1.0,1.0,0.9999999999999999,1.0,0.0,205,0,0,195,42,fixed,0
12,5200,A,0,400,204,1.0,1.0,1.0,1.0,1.0,1.0,0.0,196,0,0,204,42,fixed,0
13,5600,A,0,400,180,0.9975,1.0,0.9944444444444445,0.9972144846796658,0.99838145231846,0.9981439393939394,0.0,220,0,1,179,42,fixed,0
14,6000,A,0,400,212,0.9975,1.0,0.9952830188679245,0.9976359338061466,0.9998913137988003,0.9998745483741468,0.0,188,0,1,211,42,fixed,0
15,6400,B,0,400,208,0.52,0.52,1.0,0.6842105263157895,0.9918664414789291,0.9847506009615384,1.0,0,192,0,208,42,fixed,0
16,6800,B,0,400,197,0.4925,0.4925,1.0,0.6599664991624791,0.999064757315743,0.9988997524443,1.0,0,203,0,197,42,fixed,0
17,7200,B,0,400,209,0.5225,0.5225,1.0,0.6863711001642037,0.9977860050921883,0.9954908690097447,1.0,0,191,0,209,42,fixed,0
18,7600,B,0,400,209,0.5225,0.5225,1.0,0.6863711001642037,0.9979401066451117,0.9960419850196649,1.0,0,191,0,209,42,fixed,0
19,8000,B,0,400,197,0.4925,0.4925,1.0,0.6599664991624791,0.9989888985184266,0.9987747243129704,1.0,0,203,0,197,42,fixed,0
20,8400,B,0,400,192,0.48,0.48,1.0,0.6486486486486487,0.9960191976419422,0.9941656650641026,1.0,0,208,0,192,42,fixed,0
21,8800,B,0,400,203,0.5075,0.5075,1.0,0.6733001658374793,0.9956062535284602,0.9918481658373134,1.0,0,197,0,203,42,fixed,0
22,9200,B,0,400,215,0.5375,0.5375,1.0,0.6991869918699187,0.9974247762003341,0.9954494028912634,1.0,0,185,0,215,42,fixed,0
23,9600,B,0,400,191,0.4775,0.4775,1.0,0.6463620981387479,0.9955116367841542,0.9936746912497809,1.0,0,209,0,191,42,fixed,0
24,10000,B,0,400,205,0.5125,0.5125,1.0,0.6776859504132231,0.9970098430704322,0.99494684177611,1.0,0,195,0,205,42,fixed,0
25,10400,B,0,400,203,0.5075,0.5075,1.0,0.6733001658374793,0.9956069233268583,0.9918481658373134,1.0,0,197,0,203,42,fixed,0
26,10800,B,0,400,186,0.465,0.465,1.0,0.6348122866894198,0.9945189674689656,0.9902773590593911,1.0,0,214,0,186,42,fixed,0
27,11200,B,0,400,207,0.5175,0.5175,1.0,0.6820428336079077,0.9964204008819675,0.9943305549297891,1.0,0,193,0,207,42,fixed,0
28,11600,B,0,400,194,0.485,0.485,1.0,0.6531986531986532,0.9999999999999998,1.0,1.0,0,206,0,194,42,fixed,0
29,12000,B,0,400,184,0.46,0.46,1.0,0.6301369863013698,0.9847315824566415,0.9770028180354268,1.0,0,216,0,184,42,fixed,0
0,400,A,0,400,207,1.0,1.0,1.0,1.0,1.0,0.9999999999999999,0.0,193,0,0,207,42,periodic,0
1,800,A,0,400,205,0.9975,1.0,0.9951219512195122,0.9975550122249389,0.9999528690939083,0.9999499687304566,0.0,195,0,1,204,42,periodic,0
2,1200,A,0,400,208,0.9975,1.0,0.9951923076923077,0.9975903614457832,0.9999542124542125,0.9999499198717948,0.0,192,0,1,207,42,periodic,0
3,1600,A,0,400,193,1.0,1.0,1.0,1.0,0.9999999999999999,1.0,0.0,207,0,0,193,42,periodic,0
4,2000,A,1,400,207,0.9975,1.0,0.9951690821256038,0.9975786924939467,0.9998639178063551,0.9998498160246302,0.0,193,0,1,206,42,periodic,0
5,2400,A,1,400,218,0.9975,1.0,0.9954128440366973,0.9977011494252873,0.9981600967839499,0.9963201935678999,0.0,182,0,1,217,42,periodic,0
6,2800,A,1,400,199,0.995,1.0,0.9899497487437185,0.9949494949494949,0.9972790224617681,0.9963374084352109,0.0,201,0,2,197,42,periodic,0
7,3200,A,1,400,197,1.0,1.0,1.0,1.0,1.0,1.0,0.0,203,0,0,197,42,periodic,0
8,3600,A,2,400,185,0.9925,1.0,0.9837837837837838,0.9918256130790191,0.9966156355691238,0.9959270898805782,0.0,215,0,3,182,42,periodic,0
9,4000,A,2,400,187,0.9925,1.0,0.983957219251337,0.9919137466307277,0.9948274482674234,0.99304561773493,0.0,213,0,3,184,42,periodic,0
10,4400,A,2,400,203,1.0,1.0,1.0,1.0,1.0,1.0,0.0,197,0,0,203,42,periodic,0
11,4800,A,2,400,195,1.0,1.0,1.0,1.0,1.0,1.0,0.0,205,0,0,195,42,periodic,0
12,5200,A,3,400,204,1.0,1.0,1.0,1.0,1.0,1.0,0.0,196,0,0,204,42,periodic,0
13,5600,A,3,400,180,0.995,0.9944444444444445,0.9944444444444445,0.9944444444444445,0.9974118034948894,0.9960479797979799,0.004545454545454545,219,1,1,179,42,periodic,0
14,6000,A,3,400,212,0.9975,1.0,0.9952830188679245,0.9976359338061466,0.9999126484975543,0.9998996386993175,0.0,188,0,1,211,42,periodic,0
15,6400,B,3,400,208,0.52,0.52,1.0,0.6842105263157895,0.9921677086346357,0.9854517227564102,1.0,0,192,0,208,42,periodic,0
16,6800,B,4,400,197,0.9975,1.0,0.9949238578680203,0.9974554707379135,1.0,1.0,0.0,203,0,1,196,42,periodic,0
17,7200,B,4,400,209,0.9975,1.0,0.9952153110047847,0.9976019184652278,0.9997401978826128,0.9996993912673163,0.0,191,0,1,208,42,periodic,0
18,7600,B,4,400,209,0.9975,1.0,0.9952153110047847,0.9976019184652278,1.0,1.0,0.0,191,0,1,208,42,periodic,0
19,8000,B,4,400,197,0.9975,1.0,0.9949238578680203,0.9974554707379135,1.0,1.0,0.0,203,0,1,196,42,periodic,0
20,8400,B,5,400,192,0.995,1.0,0.9895833333333334,0.9947643979057592,0.9987015478045713,0.9984224759615385,0.0,208,0,2,190,42,periodic,0
21,8800,B,5,400,203,1.0,1.0,1.0,1.0,1.0,1.0,0.0,197,0,0,203,42,periodic,0
22,9200,B,5,400,215,0.995,1.0,0.9906976744186047,0.9953271028037384,0.9996055665635393,0.9995223130106851,0.0,185,0,2,213,42,periodic,0
23,9600,B,5,400,191,0.9925,0.9947368421052631,0.9895287958115183,0.9921259842519685,0.9983193791261501,0.9978581627796288,0.004784688995215311,208,1,2,189,42,periodic,0
24,10000,B,6,400,205,0.9975,1.0,0.9951219512195122,0.9975550122249389,0.9995663956639567,0.9994996873045654,0.0,195,0,1,204,42,periodic,0
25,10400,B,6,400,203,0.9975,1.0,0.9950738916256158,0.9975308641975309,0.9999519404061036,0.9999499887474682,0.0,197,0,1,202,42,periodic,0
26,10800,B,6,400,186,1.0,1.0,1.0,1.0,1.0,1.0,0.0,214,0,0,186,42,periodic,0
27,11200,B,6,400,207,1.0,1.0,1.0,1.0,1.0,1.0,0.0,193,0,0,207,42,periodic,0
28,11600,B,7,400,194,1.0,1.0,1.0,1.0,1.0,1.0,0.0,206,0,0,194,42,periodic,0
29,12000,B,7,400,184,0.9925,0.994535519125683,0.9891304347826086,0.9918256130790191,0.9996878101349829,0.999723228663446,0.004629629629629629,215,1,2,182,42,periodic,0
0,400,A,0,400,207,1.0,1.0,1.0,1.0,1.0,0.9999999999999999,0.0,193,0,0,207,42,drift,0
1,800,A,0,400,205,0.9975,1.0,0.9951219512195122,0.9975550122249389,0.9999528690939083,0.9999499687304566,0.0,195,0,1,204,42,drift,0
2,1200,A,0,400,208,0.9975,1.0,0.9951923076923077,0.9975903614457832,0.9999542124542125,0.9999499198717948,0.0,192,0,1,207,42,drift,0
3,1600,A,0,400,193,1.0,1.0,1.0,1.0,0.9999999999999999,1.0,0.0,207,0,0,193,42,drift,0
4,2000,A,0,400,207,0.9975,1.0,0.9951690821256038,0.9975786924939467,0.9998202449163015,0.9997997546995069,0.0,193,0,1,206,42,drift,0
5,2400,A,0,400,218,0.9975,1.0,0.9954128440366973,0.9977011494252873,0.9989339707972605,0.9983365258594616,0.0,182,0,1,217,42,drift,0
6,2800,A,0,400,199,0.995,1.0,0.9899497487437185,0.9949494949494949,0.996477119060522,0.9946748668716717,0.0,201,0,2,197,42,drift,0
7,3200,A,0,400,197,1.0,1.0,1.0,1.0,1.0,1.0,0.0,203,0,0,197,42,drift,0
8,3600,A,0,400,185,0.995,1.0,0.9891891891891892,0.9945652173913043,0.9953656256348385,0.9930609679446889,0.0,215,0,2,183,42,drift,0
9,4000,A,0,400,187,0.9925,1.0,0.983957219251337,0.9919137466307277,0.9934978392507947,0.9902211845045317,0.0,213,0,3,184,42,drift,0
10,4400,A,0,400,203,1.0,1.0,1.0,1.0,1.0,1.0,0.0,197,0,0,203,42,drift,0
11,4800,A,0,400,195,1.0,1.0,1.0,1.0,0.9999999999999999,1.0,0.0,205,0,0,195,42,drift,0
12,5200,A,0,400,204,1.0,1.0,1.0,1.0,1.0,1.0,0.0,196,0,0,204,42,drift,0
13,5600,A,0,400,180,0.9975,1.0,0.9944444444444445,0.9972144846796658,0.99838145231846,0.9981439393939394,0.0,220,0,1,179,42,drift,0
14,6000,A,0,400,212,0.9975,1.0,0.9952830188679245,0.9976359338061466,0.9998913137988003,0.9998745483741468,0.0,188,0,1,211,42,drift,0
15,6400,B,0,400,208,0.52,0.52,1.0,0.6842105263157895,0.9918664414789291,0.9847506009615384,1.0,0,192,0,208,42,drift,0
16,6800,B,1,400,197,0.9975,1.0,0.9949238578680203,0.9974554707379135,1.0,1.0,0.0,203,0,1,196,42,drift,0
17,7200,B,1,400,209,0.9975,1.0,0.9952153110047847,0.9976019184652278,0.9997401978826128,0.9996993912673163,0.0,191,0,1,208,42,drift,0
18,7600,B,1,400,209,0.9975,1.0,0.9952153110047847,0.9976019184652278,1.0,1.0,0.0,191,0,1,208,42,drift,0
19,8000,B,1,400,197,0.9975,1.0,0.9949238578680203,0.9974554707379135,1.0,1.0,0.0,203,0,1,196,42,drift,0
20,8400,B,1,400,192,0.9925,1.0,0.984375,0.9921259842519685,0.9976698338064245,0.9966195913461539,0.0,208,0,3,189,42,drift,0
21,8800,B,1,400,203,0.9975,1.0,0.9950738916256158,0.9975308641975309,1.0,1.0,0.0,197,0,1,202,42,drift,0
22,9200,B,1,400,215,0.995,1.0,0.9906976744186047,0.9953271028037384,0.9990282396361543,0.9987177875549968,0.0,185,0,2,213,42,drift,0
23,9600,B,1,400,191,0.9925,0.9947368421052631,0.9895287958115183,0.9921259842519685,0.9976743365153192,0.9965304742102759,0.004784688995215311,208,1,2,189,42,drift,0
24,10000,B,1,400,205,0.9925,1.0,0.9853658536585366,0.9926289926289926,0.9989242325883335,0.9985490931832395,0.0,195,0,3,202,42,drift,0
25,10400,B,1,400,203,0.9975,1.0,0.9950738916256158,0.9975308641975309,0.9998357963875204,0.9998249606161387,0.0,197,0,1,202,42,drift,0
26,10800,B,1,400,186,0.9975,1.0,0.9946236559139785,0.9973045822102425,1.0,1.0,0.0,214,0,1,185,42,drift,0
27,11200,B,1,400,207,0.995,1.0,0.9903381642512077,0.9951456310679612,0.9999767744332961,0.9999749693374383,0.0,193,0,2,205,42,drift,0
28,11600,B,1,400,194,1.0,1.0,1.0,1.0,1.0,1.0,0.0,206,0,0,194,42,drift,0
29,12000,B,1,400,184,0.9875,1.0,0.9728260869565217,0.9862258953168044,0.9976979556158627,0.9968422906602253,0.0,216,0,5,179,42,drift,0
0,400,A,0,400,207,1.0,1.0,1.0,1.0,1.0,0.9999999999999999,0.0,193,0,0,207,42,fixed,2
1,800,A,0,400,205,0.9975,1.0,0.9951219512195122,0.9975550122249389,0.9999528690939083,0.9999499687304566,0.0,195,0,1,204,42,fixed,2
2,1200,A,0,400,208,0.9975,1.0,0.9951923076923077,0.9975903614457832,0.9999542124542125,0.9999499198717948,0.0,192,0,1,207,42,fixed,2
3,1600,A,0,400,193,1.0,1.0,1.0,1.0,0.9999999999999999,1.0,0.0,207,0,0,193,42,fixed,2
4,2000,A,0,400,207,0.9975,1.0,0.9951690821256038,0.9975786924939467,0.9998202449163015,0.9997997546995069,0.0,193,0,1,206,42,fixed,2
5,2400,A,0,400,218,0.9975,1.0,0.9954128440366973,0.9977011494252873,0.9989339707972605,0.9983365258594616,0.0,182,0,1,217,42,fixed,2
6,2800,A,0,400,199,0.995,1.0,0.9899497487437185,0.9949494949494949,0.996477119060522,0.9946748668716717,0.0,201,0,2,197,42,fixed,2
7,3200,A,0,400,197,1.0,1.0,1.0,1.0,1.0,1.0,0.0,203,0,0,197,42,fixed,2
8,3600,A,0,400,185,0.995,1.0,0.9891891891891892,0.9945652173913043,0.9953656256348385,0.9930609679446889,0.0,215,0,2,183,42,fixed,2
9,4000,A,0,400,187,0.9925,1.0,0.983957219251337,0.9919137466307277,0.9934978392507947,0.9902211845045317,0.0,213,0,3,184,42,fixed,2
10,4400,A,0,400,203,1.0,1.0,1.0,1.0,1.0,1.0,0.0,197,0,0,203,42,fixed,2
11,4800,A,0,400,195,1.0,1.0,1.0,1.0,0.9999999999999999,1.0,0.0,205,0,0,195,42,fixed,2
12,5200,A,0,400,204,1.0,1.0,1.0,1.0,1.0,1.0,0.0,196,0,0,204,42,fixed,2
13,5600,A,0,400,180,0.9975,1.0,0.9944444444444445,0.9972144846796658,0.99838145231846,0.9981439393939394,0.0,220,0,1,179,42,fixed,2
14,6000,A,0,400,212,0.9975,1.0,0.9952830188679245,0.9976359338061466,0.9998913137988003,0.9998745483741468,0.0,188,0,1,211,42,fixed,2
15,6400,B,0,400,208,0.52,0.52,1.0,0.6842105263157895,0.9918664414789291,0.9847506009615384,1.0,0,192,0,208,42,fixed,2
16,6800,B,0,400,197,0.4925,0.4925,1.0,0.6599664991624791,0.999064757315743,0.9988997524443,1.0,0,203,0,197,42,fixed,2
17,7200,B,0,400,209,0.5225,0.5225,1.0,0.6863711001642037,0.9977860050921883,0.9954908690097447,1.0,0,191,0,209,42,fixed,2
18,7600,B,0,400,209,0.5225,0.5225,1.0,0.6863711001642037,0.9979401066451117,0.9960419850196649,1.0,0,191,0,209,42,fixed,2
19,8000,B,0,400,197,0.4925,0.4925,1.0,0.6599664991624791,0.9989888985184266,0.9987747243129704,1.0,0,203,0,197,42,fixed,2
20,8400,B,0,400,192,0.48,0.48,1.0,0.6486486486486487,0.9960191976419422,0.9941656650641026,1.0,0,208,0,192,42,fixed,2
21,8800,B,0,400,203,0.5075,0.5075,1.0,0.6733001658374793,0.9956062535284602,0.9918481658373134,1.0,0,197,0,203,42,fixed,2
22,9200,B,0,400,215,0.5375,0.5375,1.0,0.6991869918699187,0.9974247762003341,0.9954494028912634,1.0,0,185,0,215,42,fixed,2
23,9600,B,0,400,191,0.4775,0.4775,1.0,0.6463620981387479,0.9955116367841542,0.9936746912497809,1.0,0,209,0,191,42,fixed,2
24,10000,B,0,400,205,0.5125,0.5125,1.0,0.6776859504132231,0.9970098430704322,0.99494684177611,1.0,0,195,0,205,42,fixed,2
25,10400,B,0,400,203,0.5075,0.5075,1.0,0.6733001658374793,0.9956069233268583,0.9918481658373134,1.0,0,197,0,203,42,fixed,2
26,10800,B,0,400,186,0.465,0.465,1.0,0.6348122866894198,0.9945189674689656,0.9902773590593911,1.0,0,214,0,186,42,fixed,2
27,11200,B,0,400,207,0.5175,0.5175,1.0,0.6820428336079077,0.9964204008819675,0.9943305549297891,1.0,0,193,0,207,42,fixed,2
28,11600,B,0,400,194,0.485,0.485,1.0,0.6531986531986532,0.9999999999999998,1.0,1.0,0,206,0,194,42,fixed,2
29,12000,B,0,400,184,0.46,0.46,1.0,0.6301369863013698,0.9847315824566415,0.9770028180354268,1.0,0,216,0,184,42,fixed,2
0,400,A,0,400,207,1.0,1.0,1.0,1.0,1.0,0.9999999999999999,0.0,193,0,0,207,42,periodic,2
1,800,A,0,400,205,0.9975,1.0,0.9951219512195122,0.9975550122249389,0.9999528690939083,0.9999499687304566,0.0,195,0,1,204,42,periodic,2
2,1200,A,0,400,208,0.9975,1.0,0.9951923076923077,0.9975903614457832,0.9999542124542125,0.9999499198717948,0.0,192,0,1,207,42,periodic,2
3,1600,A,0,400,193,1.0,1.0,1.0,1.0,0.9999999999999999,1.0,0.0,207,0,0,193,42,periodic,2
4,2000,A,0,400,207,0.9975,1.0,0.9951690821256038,0.9975786924939467,0.9998202449163015,0.9997997546995069,0.0,193,0,1,206,42,periodic,2
5,2400,A,0,400,218,0.9975,1.0,0.9954128440366973,0.9977011494252873,0.9989339707972605,0.9983365258594616,0.0,182,0,1,217,42,periodic,2
6,2800,A,1,400,199,0.995,1.0,0.9899497487437185,0.9949494949494949,0.9972790224617681,0.9963374084352109,0.0,201,0,2,197,42,periodic,2
7,3200,A,1,400,197,1.0,1.0,1.0,1.0,1.0,1.0,0.0,203,0,0,197,42,periodic,2
8,3600,A,1,400,185,0.995,1.0,0.9891891891891892,0.9945652173913043,0.9951888488329105,0.9925958516656191,0.0,215,0,2,183,42,periodic,2
9,4000,A,1,400,187,0.9925,1.0,0.983957219251337,0.9919137466307277,0.9935381864538667,0.9906479877482363,0.0,213,0,3,184,42,periodic,2
10,4400,A,2,400,203,1.0,1.0,1.0,1.0,1.0,1.0,0.0,197,0,0,203,42,periodic,2
11,4800,A,2,400,195,1.0,1.0,1.0,1.0,1.0,1.0,0.0,205,0,0,195,42,periodic,2
12,5200,A,2,400,204,1.0,1.0,1.0,1.0,1.0,1.0,0.0,196,0,0,204,42,periodic,2
13,5600,A,2,400,180,0.9975,1.0,0.9944444444444445,0.9972144846796658,0.9985938220378054,0.998459595959596,0.0,220,0,1,179,42,periodic,2
14,6000,A,3,400,212,0.9975,1.0,0.9952830188679245,0.9976359338061466,0.9999126484975543,0.9998996386993175,0.0,188,0,1,211,42,periodic,2
15,6400,B,3,400,208,0.52,0.52,1.0,0.6842105263157895,0.9921677086346357,0.9854517227564102,1.0,0,192,0,208,42,periodic,2
16,6800,B,3,400,197,0.4925,0.4925,1.0,0.6599664991624791,0.9970789190935172,0.9950488859993499,1.0,0,203,0,197,42,periodic,2
17,7200,B,3,400,209,0.5225,0.5225,1.0,0.6863711001642037,0.9979327023091324,0.9960169342919413,1.0,0,191,0,209,42,periodic,2
18,7600,B,4,400,209,0.9975,1.0,0.9952153110047847,0.9976019184652278,1.0,1.0,0.0,191,0,1,208,42,periodic,2
19,8000,B,4,400,197,0.9975,1.0,0.9949238578680203,0.9974554707379135,1.0,1.0,0.0,203,0,1,196,42,periodic,2
20,8400,B,4,400,192,0.9925,1.0,0.984375,0.9921259842519685,0.9976698338064247,0.9966195913461539,0.0,208,0,3,189,42,periodic,2
21,8800,B,4,400,203,0.9975,1.0,0.9950738916256158,0.9975308641975309,1.0,0.9999999999999999,0.0,197,0,1,202,42,periodic,2
22,9200,B,5,400,215,0.995,1.0,0.9906976744186047,0.9953271028037384,0.9996055665635393,0.9995223130106851,0.0,185,0,2,213,42,periodic,2
23,9600,B,5,400,191,0.9925,0.9947368421052631,0.9895287958115183,0.9921259842519685,0.9983193791261501,0.9978581627796288,0.004784688995215311,208,1,2,189,42,periodic,2
24,10000,B,5,400,205,0.9975,1.0,0.9951219512195122,0.9975550122249389,0.9996062561522476,0.9995497185741089,0.0,195,0,1,204,42,periodic,2
25,10400,B,5,400,203,0.9975,1.0,0.9950738916256158,0.9975308641975309,0.9999519404061036,0.9999499887474682,0.0,197,0,1,202,42,periodic,2
26,10800,B,6,400,186,1.0,1.0,1.0,1.0,1.0,1.0,0.0,214,0,0,186,42,periodic,2
27,11200,B,6,400,207,1.0,1.0,1.0,1.0,1.0,1.0,0.0,193,0,0,207,42,periodic,2
28,11600,B,6,400,194,1.0,1.0,1.0,1.0,1.0,1.0,0.0,206,0,0,194,42,periodic,2
29,12000,B,6,400,184,0.995,1.0,0.9891304347826086,0.994535519125683,0.9997465645415634,0.9997735507246377,0.0,216,0,2,182,42,periodic,2
0,400,A,0,400,207,1.0,1.0,1.0,1.0,1.0,0.9999999999999999,0.0,193,0,0,207,42,drift,2
1,800,A,0,400,205,0.9975,1.0,0.9951219512195122,0.9975550122249389,0.9999528690939083,0.9999499687304566,0.0,195,0,1,204,42,drift,2
2,1200,A,0,400,208,0.9975,1.0,0.9951923076923077,0.9975903614457832,0.9999542124542125,0.9999499198717948,0.0,192,0,1,207,42,drift,2
3,1600,A,0,400,193,1.0,1.0,1.0,1.0,0.9999999999999999,1.0,0.0,207,0,0,193,42,drift,2
4,2000,A,0,400,207,0.9975,1.0,0.9951690821256038,0.9975786924939467,0.9998202449163015,0.9997997546995069,0.0,193,0,1,206,42,drift,2
5,2400,A,0,400,218,0.9975,1.0,0.9954128440366973,0.9977011494252873,0.9989339707972605,0.9983365258594616,0.0,182,0,1,217,42,drift,2
6,2800,A,0,400,199,0.995,1.0,0.9899497487437185,0.9949494949494949,0.996477119060522,0.9946748668716717,0.0,201,0,2,197,42,drift,2
7,3200,A,0,400,197,1.0,1.0,1.0,1.0,1.0,1.0,0.0,203,0,0,197,42,drift,2
8,3600,A,0,400,185,0.995,1.0,0.9891891891891892,0.9945652173913043,0.9953656256348385,0.9930609679446889,0.0,215,0,2,183,42,drift,2
9,4000,A,0,400,187,0.9925,1.0,0.983957219251337,0.9919137466307277,0.9934978392507947,0.9902211845045317,0.0,213,0,3,184,42,drift,2
10,4400,A,0,400,203,1.0,1.0,1.0,1.0,1.0,1.0,0.0,197,0,0,203,42,drift,2
11,4800,A,0,400,195,1.0,1.0,1.0,1.0,0.9999999999999999,1.0,0.0,205,0,0,195,42,drift,2
12,5200,A,0,400,204,1.0,1.0,1.0,1.0,1.0,1.0,0.0,196,0,0,204,42,drift,2
13,5600,A,0,400,180,0.9975,1.0,0.9944444444444445,0.9972144846796658,0.99838145231846,0.9981439393939394,0.0,220,0,1,179,42,drift,2
14,6000,A,0,400,212,0.9975,1.0,0.9952830188679245,0.9976359338061466,0.9998913137988003,0.9998745483741468,0.0,188,0,1,211,42,drift,2
15,6400,B,0,400,208,0.52,0.52,1.0,0.6842105263157895,0.9918664414789291,0.9847506009615384,1.0,0,192,0,208,42,drift,2
16,6800,B,0,400,197,0.4925,0.4925,1.0,0.6599664991624791,0.999064757315743,0.9988997524443,1.0,0,203,0,197,42,drift,2
17,7200,B,0,400,209,0.5225,0.5225,1.0,0.6863711001642037,0.9977860050921883,0.9954908690097447,1.0,0,191,0,209,42,drift,2
18,7600,B,1,400,209,0.9975,1.0,0.9952153110047847,0.9976019184652278,1.0,1.0,0.0,191,0,1,208,42,drift,2
19,8000,B,1,400,197,0.9975,1.0,0.9949238578680203,0.9974554707379135,1.0,1.0,0.0,203,0,1,196,42,drift,2
20,8400,B,1,400,192,0.9925,1.0,0.984375,0.9921259842519685,0.9976698338064245,0.9966195913461539,0.0,208,0,3,189,42,drift,2
21,8800,B,2,400,203,1.0,1.0,1.0,1.0,1.0,0.9999999999999999,0.0,197,0,0,203,42,drift,2
22,9200,B,2,400,215,0.995,1.0,0.9906976744186047,0.9953271028037384,0.9993356228862313,0.9991703331238215,0.0,185,0,2,213,42,drift,2
23,9600,B,2,400,191,0.9925,0.9947368421052631,0.9895287958115183,0.9921259842519685,0.9980211186620899,0.9971943184949523,0.004784688995215311,208,1,2,189,42,drift,2
24,10000,B,2,400,205,0.9975,1.0,0.9951219512195122,0.9975550122249389,0.9995862369337979,0.999524702939337,0.0,195,0,1,204,42,drift,2
25,10400,B,2,400,203,0.9975,1.0,0.9950738916256158,0.9975308641975309,0.9999758524099295,0.999974994373734,0.0,197,0,1,202,42,drift,2
26,10800,B,2,400,186,1.0,1.0,1.0,1.0,1.0,0.9999999999999999,0.0,214,0,0,186,42,drift,2
27,11200,B,2,400,207,0.995,1.0,0.9903381642512077,0.9951456310679612,1.0,1.0,0.0,193,0,2,205,42,drift,2
28,11600,B,2,400,194,1.0,1.0,1.0,1.0,1.0,1.0,0.0,206,0,0,194,42,drift,2
29,12000,B,2,400,184,0.9925,1.0,0.9836956521739131,0.9917808219178083,0.998209685967383,0.9977984098228664,0.0,216,0,3,181,42,drift,2
0,400,A,0,400,207,0.995,1.0,0.9903381642512077,0.9951456310679612,0.997798264251994,0.9958198793522064,0.0,193,0,2,205,73,fixed,0
1,800,A,0,400,193,1.0,1.0,1.0,1.0,1.0,1.0,0.0,207,0,0,193,73,fixed,0
2,1200,A,0,400,197,0.9975,1.0,0.9949238578680203,0.9974554707379135,0.9978650343386084,0.9964617038833739,0.0,203,0,1,196,73,fixed,0
3,1600,A,0,400,189,1.0,1.0,1.0,1.0,1.0,1.0,0.0,211,0,0,189,73,fixed,0
4,2000,A,0,400,216,0.995,1.0,0.9907407407407407,0.9953488372093023,0.9970378396608067,0.9949300523349436,0.0,184,0,2,214,73,fixed,0
5,2400,A,0,400,203,0.9875,1.0,0.9753694581280788,0.9875311720698254,0.993842556675193,0.9909479632917406,0.0,197,0,5,198,73,fixed,0
6,2800,A,0,400,212,0.9975,0.9953051643192489,1.0,0.9976470588235294,1.0,1.0,0.005319148936170213,187,1,0,212,73,fixed,0
7,3200,A,0,400,207,0.995,1.0,0.9903381642512077,0.9951456310679612,0.9996475178700243,0.9995995093990138,0.0,193,0,2,205,73,fixed,0
8,3600,A,0,400,194,0.9975,1.0,0.9948453608247423,0.9974160206718347,0.9977779121443904,0.9963717345611051,0.0,206,0,1,193,73,fixed,0
9,4000,A,0,400,189,0.9975,1.0,0.9947089947089947,0.9973474801061007,0.9973615146028941,0.9953108152160284,0.0,211,0,1,188,73,fixed,0
10,4400,A,0,400,212,1.0,1.0,1.0,1.0,0.9999999999999999,1.0,0.0,188,0,0,212,73,fixed,0
11,4800,A,0,400,195,0.9975,1.0,0.9948717948717949,0.9974293059125964,0.9984819031750439,0.997948717948718,0.0,205,0,1,194,73,fixed,0
12,5200,A,0,400,206,1.0,1.0,1.0,1.0,1.0,1.0,0.0,194,0,0,206,73,fixed,0
13,5600,A,0,400,188,0.9975,0.9947089947089947,1.0,0.9973474801061007,1.0,1.0,0.0047169811320754715,211,1,0,188,73,fixed,0
14,6000,A,0,400,192,1.0,1.0,1.0,1.0,1.0,1.0,0.0,208,0,0,192,73,fixed,0
15,6400,B,0,400,188,0.47,0.47,1.0,0.6394557823129252,0.983180102833259,0.9748469490164593,1.0,0,212,0,188,73,fixed,0
16,6800,B,0,400,203,0.5075,0.5075,1.0,0.6733001658374793,0.9904304422150786,0.9842464554524768,1.0,0,197,0,203,73,fixed,0
17,7200,B,0,400,188,0.47,0.47,1.0,0.6394557823129252,0.9775975071317058,0.965977519068647,1.0,0,212,0,188,73,fixed,0
18,7600,B,0,400,193,0.4825,0.4825,1.0,0.6509274873524452,0.9836168926581825,0.9743936321994442,1.0,0,207,0,193,73,fixed,0
19,8000,B,0,400,215,0.5375,0.5375,1.0,0.6991869918699187,0.9954804738920578,0.9922313010685103,1.0,0,185,0,215,73,fixed,0
20,8400,B,0,400,185,0.4625,0.4625,1.0,0.6324786324786325,0.9887687056897728,0.9841357636706474,1.0,0,215,0,185,73,fixed,0
21,8800,B,0,400,185,0.4625,0.4625,1.0,0.6324786324786325,0.9950348043896431,0.992005028284098,1.0,0,215,0,185,73,fixed,0
22,9200,B,0,400,196,0.49,0.49,1.0,0.6577181208053692,0.9879402682152325,0.9807422969187676,1.0,0,204,0,196,73,fixed,0
23,9600,B,0,400,206,0.515,0.515,1.0,0.6798679867986799,0.9970350026570501,0.9957211490341308,1.0,0,194,0,206,73,fixed,0
24,10000,B,0,400,203,0.5075,0.5075,1.0,0.6733001658374793,0.992243266018673,0.9878722712610337,1.0,0,197,0,203,73,fixed,0
25,10400,B,0,400,205,0.5125,0.5125,1.0,0.6776859504132231,0.9934251636810334,0.9900187617260788,1.0,0,195,0,205,73,fixed,0
26,10800,B,0,400,217,0.5425,0.5425,1.0,0.7034035656401945,0.9949103596718074,0.9913877766865604,1.0,0,183,0,217,73,fixed,0
27,11200,B,0,400,212,0.53,0.53,1.0,0.6928104575163399,0.9952346651140342,0.9918958249698916,1.0,0,188,0,212,73,fixed,0
28,11600,B,0,400,205,0.5125,0.5125,1.0,0.6776859504132231,0.9966079990470234,0.9945465916197623,1.0,0,195,0,205,73,fixed,0
29,12000,B,0,400,199,0.4975,0.4975,1.0,0.664440734557596,0.9876767337159584,0.982312057801445,1.0,0,201,0,199,73,fixed,0
0,400,A,0,400,207,0.995,1.0,0.9903381642512077,0.9951456310679612,0.997798264251994,0.9958198793522064,0.0,193,0,2,205,73,periodic,0
1,800,A,0,400,193,1.0,1.0,1.0,1.0,1.0,1.0,0.0,207,0,0,193,73,periodic,0
2,1200,A,0,400,197,0.9975,1.0,0.9949238578680203,0.9974554707379135,0.9978650343386084,0.9964617038833739,0.0,203,0,1,196,73,periodic,0
3,1600,A,0,400,189,1.0,1.0,1.0,1.0,1.0,1.0,0.0,211,0,0,189,73,periodic,0
4,2000,A,1,400,216,0.995,1.0,0.9907407407407407,0.9953488372093023,0.9972698372088618,0.9954584339774558,0.0,184,0,2,214,73,periodic,0
5,2400,A,1,400,203,0.9875,1.0,0.9753694581280788,0.9875311720698254,0.9937312257974817,0.9907604210947464,0.0,197,0,5,198,73,periodic,0
6,2800,A,1,400,212,0.9975,0.9953051643192489,1.0,0.9976470588235294,1.0,1.0,0.005319148936170213,187,1,0,212,73,periodic,0
7,3200,A,1,400,207,0.995,1.0,0.9903381642512077,0.9951456310679612,0.9998845357541011,0.9998748466871917,0.0,193,0,2,205,73,periodic,0
8,3600,A,2,400,194,0.9975,1.0,0.9948453608247423,0.9974160206718347,0.9991372063183045,0.9990366329696727,0.0,206,0,1,193,73,periodic,0
9,4000,A,2,400,189,0.9975,1.0,0.9947089947089947,0.9973474801061007,0.9972796887963983,0.9950099049625115,0.0,211,0,1,188,73,periodic,0
10,4400,A,2,400,212,1.0,1.0,1.0,1.0,1.0,1.0,0.0,188,0,0,212,73,periodic,0
11,4800,A,2,400,195,0.9975,1.0,0.9948717948717949,0.9974293059125964,0.9983440170940171,0.9976860537836147,0.0,205,0,1,194,73,periodic,0
12,5200,A,3,400,206,1.0,1.0,1.0,1.0,1.0,1.0,0.0,194,0,0,206,73,periodic,0
13,5600,A,3,400,188,0.9975,0.9947089947089947,1.0,0.9973474801061007,1.0,1.0,0.0047169811320754715,211,1,0,188,73,periodic,0
14,6000,A,3,400,192,1.0,1.0,1.0,1.0,1.0,1.0,0.0,208,0,0,192,73,periodic,0
15,6400,B,3,400,188,0.47,0.47,1.0,0.6394557823129252,0.9688742325055061,0.9482637494981935,1.0,0,212,0,188,73,periodic,0
16,6800,B,4,400,203,1.0,1.0,1.0,1.0,1.0,1.0,0.0,197,0,0,203,73,periodic,0
17,7200,B,4,400,188,0.9925,0.9946524064171123,0.9893617021276596,0.992,0.9997261538880337,0.9997490967482938,0.0047169811320754715,211,1,2,186,73,periodic,0
18,7600,B,4,400,193,0.9825,0.9946808510638298,0.9689119170984456,0.9816272965879265,0.9988743324072769,0.9988986508472879,0.004830917874396135,206,1,6,187,73,periodic,0
19,8000,B,4,400,215,0.9925,0.9862385321100917,1.0,0.9930715935334873,0.9999359931726051,0.9999245757385292,0.016216216216216217,182,3,0,215,73,periodic,0
20,8400,B,5,400,185,0.9925,1.0,0.9837837837837838,0.9918256130790191,0.9999417202730193,0.9999497171590196,0.0,215,0,3,182,73,periodic,0
21,8800,B,5,400,185,1.0,1.0,1.0,1.0,1.0,1.0,0.0,215,0,0,185,73,periodic,0
22,9200,B,5,400,196,0.995,0.98989898989899,1.0,0.9949238578680203,1.0,1.0,0.00980392156862745,202,2,0,196,73,periodic,0
23,9600,B,5,400,206,0.9975,1.0,0.9951456310679612,0.9975669099756691,0.9993297314863712,0.999174256831148,0.0,194,0,1,205,73,periodic,0
24,10000,B,6,400,203,0.9975,1.0,0.9950738916256158,0.9975308641975309,1.0,1.0,0.0,197,0,1,202,73,periodic,0
25,10400,B,6,400,205,0.995,1.0,0.9902439024390244,0.9950980392156863,1.0,1.0,0.0,195,0,2,203,73,periodic,0
26,10800,B,6,400,217,0.9975,0.9954128440366973,1.0,0.9977011494252873,1.0,1.0,0.00546448087431694,182,1,0,217,73,periodic,0
27,11200,B,6,400,212,0.995,0.9952830188679245,0.9952830188679245,0.9952830188679245,0.9999559160641862,0.9999498193496589,0.005319148936170213,187,1,1,211,73,periodic,0
28,11600,B,7,400,205,0.9975,1.0,0.9951219512195122,0.9975550122249389,1.0,1.0,0.0,195,0,1,204,73,periodic,0
29,12000,B,7,400,199,0.995,1.0,0.9899497487437185,0.9949494949494949,0.999354908827893,0.9992874821870547,0.0,201,0,2,197,73,periodic,0
0,400,A,0,400,207,0.995,1.0,0.9903381642512077,0.9951456310679612,0.997798264251994,0.9958198793522064,0.0,193,0,2,205,73,drift,0
1,800,A,0,400,193,1.0,1.0,1.0,1.0,1.0,1.0,0.0,207,0,0,193,73,drift,0
2,1200,A,0,400,197,0.9975,1.0,0.9949238578680203,0.9974554707379135,0.9978650343386084,0.9964617038833739,0.0,203,0,1,196,73,drift,0
3,1600,A,0,400,189,1.0,1.0,1.0,1.0,1.0,1.0,0.0,211,0,0,189,73,drift,0
4,2000,A,0,400,216,0.995,1.0,0.9907407407407407,0.9953488372093023,0.9970378396608067,0.9949300523349436,0.0,184,0,2,214,73,drift,0
5,2400,A,0,400,203,0.9875,1.0,0.9753694581280788,0.9875311720698254,0.993842556675193,0.9909479632917406,0.0,197,0,5,198,73,drift,0
6,2800,A,0,400,212,0.9975,0.9953051643192489,1.0,0.9976470588235294,1.0,1.0,0.005319148936170213,187,1,0,212,73,drift,0
7,3200,A,0,400,207,0.995,1.0,0.9903381642512077,0.9951456310679612,0.9996475178700243,0.9995995093990138,0.0,193,0,2,205,73,drift,0
8,3600,A,0,400,194,0.9975,1.0,0.9948453608247423,0.9974160206718347,0.9977779121443904,0.9963717345611051,0.0,206,0,1,193,73,drift,0
9,4000,A,0,400,189,0.9975,1.0,0.9947089947089947,0.9973474801061007,0.9973615146028941,0.9953108152160284,0.0,211,0,1,188,73,drift,0
10,4400,A,0,400,212,1.0,1.0,1.0,1.0,0.9999999999999999,1.0,0.0,188,0,0,212,73,drift,0
11,4800,A,0,400,195,0.9975,1.0,0.9948717948717949,0.9974293059125964,0.9984819031750439,0.997948717948718,0.0,205,0,1,194,73,drift,0
12,5200,A,0,400,206,1.0,1.0,1.0,1.0,1.0,1.0,0.0,194,0,0,206,73,drift,0
13,5600,A,0,400,188,0.9975,0.9947089947089947,1.0,0.9973474801061007,1.0,1.0,0.0047169811320754715,211,1,0,188,73,drift,0
14,6000,A,0,400,192,1.0,1.0,1.0,1.0,1.0,1.0,0.0,208,0,0,192,73,drift,0
15,6400,B,0,400,188,0.47,0.47,1.0,0.6394557823129252,0.983180102833259,0.9748469490164593,1.0,0,212,0,188,73,drift,0
16,6800,B,1,400,203,1.0,1.0,1.0,1.0,1.0,1.0,0.0,197,0,0,203,73,drift,0
17,7200,B,1,400,188,0.9925,0.9946524064171123,0.9893617021276596,0.992,0.9997261538880337,0.9997490967482938,0.0047169811320754715,211,1,2,186,73,drift,0
18,7600,B,1,400,193,0.9825,0.9946808510638298,0.9689119170984456,0.9816272965879265,0.9988743324072769,0.9988986508472879,0.004830917874396135,206,1,6,187,73,drift,0
19,8000,B,1,400,215,0.9925,0.9862385321100917,1.0,0.9930715935334873,0.9999359931726051,0.9999245757385292,0.016216216216216217,182,3,0,215,73,drift,0
20,8400,B,1,400,185,0.9925,1.0,0.9837837837837838,0.9918256130790191,0.9993890879520526,0.9994468887492145,0.0,215,0,3,182,73,drift,0
21,8800,B,1,400,185,0.9975,0.9946236559139785,1.0,0.9973045822102425,1.0,1.0,0.004651162790697674,214,1,0,185,73,drift,0
22,9200,B,1,400,196,0.9875,0.9798994974874372,0.9948979591836735,0.9873417721518988,0.9998730835617831,0.999874949979992,0.0196078431372549,200,4,1,195,73,drift,0
23,9600,B,1,400,206,0.9975,1.0,0.9951456310679612,0.9975669099756691,0.9987427533701193,0.9981983785406866,0.0,194,0,1,205,73,drift,0
24,10000,B,1,400,203,0.9975,0.9950980392156863,1.0,0.9975429975429976,1.0,0.9999999999999999,0.005076142131979695,196,1,0,203,73,drift,0
25,10400,B,1,400,205,0.9975,0.9951456310679612,1.0,0.9975669099756691,0.999976320151551,0.9999749843652282,0.005128205128205128,194,1,0,205,73,drift,0
26,10800,B,1,400,217,0.995,1.0,0.9907834101382489,0.9953703703703703,1.0,1.0,0.0,183,0,2,215,73,drift,0
27,11200,B,1,400,212,0.9975,1.0,0.9952830188679245,0.9976359338061466,0.9998913137988003,0.9998745483741469,0.0,188,0,1,211,73,drift,0
28,11600,B,1,400,205,0.995,0.9951219512195122,0.9951219512195122,0.9951219512195122,0.9999528690939083,0.9999499687304565,0.005128205128205128,194,1,1,204,73,drift,0
29,12000,B,1,400,199,0.995,1.0,0.9899497487437185,0.9949494949494949,0.9983964936942417,0.9977874446861172,0.0,201,0,2,197,73,drift,0
0,400,A,0,400,207,0.995,1.0,0.9903381642512077,0.9951456310679612,0.997798264251994,0.9958198793522064,0.0,193,0,2,205,73,fixed,2
1,800,A,0,400,193,1.0,1.0,1.0,1.0,1.0,1.0,0.0,207,0,0,193,73,fixed,2
2,1200,A,0,400,197,0.9975,1.0,0.9949238578680203,0.9974554707379135,0.9978650343386084,0.9964617038833739,0.0,203,0,1,196,73,fixed,2
3,1600,A,0,400,189,1.0,1.0,1.0,1.0,1.0,1.0,0.0,211,0,0,189,73,fixed,2
4,2000,A,0,400,216,0.995,1.0,0.9907407407407407,0.9953488372093023,0.9970378396608067,0.9949300523349436,0.0,184,0,2,214,73,fixed,2
5,2400,A,0,400,203,0.9875,1.0,0.9753694581280788,0.9875311720698254,0.993842556675193,0.9909479632917406,0.0,197,0,5,198,73,fixed,2
6,2800,A,0,400,212,0.9975,0.9953051643192489,1.0,0.9976470588235294,1.0,1.0,0.005319148936170213,187,1,0,212,73,fixed,2
7,3200,A,0,400,207,0.995,1.0,0.9903381642512077,0.9951456310679612,0.9996475178700243,0.9995995093990138,0.0,193,0,2,205,73,fixed,2
8,3600,A,0,400,194,0.9975,1.0,0.9948453608247423,0.9974160206718347,0.9977779121443904,0.9963717345611051,0.0,206,0,1,193,73,fixed,2
9,4000,A,0,400,189,0.9975,1.0,0.9947089947089947,0.9973474801061007,0.9973615146028941,0.9953108152160284,0.0,211,0,1,188,73,fixed,2
10,4400,A,0,400,212,1.0,1.0,1.0,1.0,0.9999999999999999,1.0,0.0,188,0,0,212,73,fixed,2
11,4800,A,0,400,195,0.9975,1.0,0.9948717948717949,0.9974293059125964,0.9984819031750439,0.997948717948718,0.0,205,0,1,194,73,fixed,2
12,5200,A,0,400,206,1.0,1.0,1.0,1.0,1.0,1.0,0.0,194,0,0,206,73,fixed,2
13,5600,A,0,400,188,0.9975,0.9947089947089947,1.0,0.9973474801061007,1.0,1.0,0.0047169811320754715,211,1,0,188,73,fixed,2
14,6000,A,0,400,192,1.0,1.0,1.0,1.0,1.0,1.0,0.0,208,0,0,192,73,fixed,2
15,6400,B,0,400,188,0.47,0.47,1.0,0.6394557823129252,0.983180102833259,0.9748469490164593,1.0,0,212,0,188,73,fixed,2
16,6800,B,0,400,203,0.5075,0.5075,1.0,0.6733001658374793,0.9904304422150786,0.9842464554524768,1.0,0,197,0,203,73,fixed,2
17,7200,B,0,400,188,0.47,0.47,1.0,0.6394557823129252,0.9775975071317058,0.965977519068647,1.0,0,212,0,188,73,fixed,2
18,7600,B,0,400,193,0.4825,0.4825,1.0,0.6509274873524452,0.9836168926581825,0.9743936321994442,1.0,0,207,0,193,73,fixed,2
19,8000,B,0,400,215,0.5375,0.5375,1.0,0.6991869918699187,0.9954804738920578,0.9922313010685103,1.0,0,185,0,215,73,fixed,2
20,8400,B,0,400,185,0.4625,0.4625,1.0,0.6324786324786325,0.9887687056897728,0.9841357636706474,1.0,0,215,0,185,73,fixed,2
21,8800,B,0,400,185,0.4625,0.4625,1.0,0.6324786324786325,0.9950348043896431,0.992005028284098,1.0,0,215,0,185,73,fixed,2
22,9200,B,0,400,196,0.49,0.49,1.0,0.6577181208053692,0.9879402682152325,0.9807422969187676,1.0,0,204,0,196,73,fixed,2
23,9600,B,0,400,206,0.515,0.515,1.0,0.6798679867986799,0.9970350026570501,0.9957211490341308,1.0,0,194,0,206,73,fixed,2
24,10000,B,0,400,203,0.5075,0.5075,1.0,0.6733001658374793,0.992243266018673,0.9878722712610337,1.0,0,197,0,203,73,fixed,2
25,10400,B,0,400,205,0.5125,0.5125,1.0,0.6776859504132231,0.9934251636810334,0.9900187617260788,1.0,0,195,0,205,73,fixed,2
26,10800,B,0,400,217,0.5425,0.5425,1.0,0.7034035656401945,0.9949103596718074,0.9913877766865604,1.0,0,183,0,217,73,fixed,2
27,11200,B,0,400,212,0.53,0.53,1.0,0.6928104575163399,0.9952346651140342,0.9918958249698916,1.0,0,188,0,212,73,fixed,2
28,11600,B,0,400,205,0.5125,0.5125,1.0,0.6776859504132231,0.9966079990470234,0.9945465916197623,1.0,0,195,0,205,73,fixed,2
29,12000,B,0,400,199,0.4975,0.4975,1.0,0.664440734557596,0.9876767337159584,0.982312057801445,1.0,0,201,0,199,73,fixed,2
0,400,A,0,400,207,0.995,1.0,0.9903381642512077,0.9951456310679612,0.997798264251994,0.9958198793522064,0.0,193,0,2,205,73,periodic,2
1,800,A,0,400,193,1.0,1.0,1.0,1.0,1.0,1.0,0.0,207,0,0,193,73,periodic,2
2,1200,A,0,400,197,0.9975,1.0,0.9949238578680203,0.9974554707379135,0.9978650343386084,0.9964617038833739,0.0,203,0,1,196,73,periodic,2
3,1600,A,0,400,189,1.0,1.0,1.0,1.0,1.0,1.0,0.0,211,0,0,189,73,periodic,2
4,2000,A,0,400,216,0.995,1.0,0.9907407407407407,0.9953488372093023,0.9970378396608067,0.9949300523349436,0.0,184,0,2,214,73,periodic,2
5,2400,A,0,400,203,0.9875,1.0,0.9753694581280788,0.9875311720698254,0.993842556675193,0.9909479632917406,0.0,197,0,5,198,73,periodic,2
6,2800,A,1,400,212,0.9975,0.9953051643192489,1.0,0.9976470588235294,1.0,1.0,0.005319148936170213,187,1,0,212,73,periodic,2
7,3200,A,1,400,207,0.995,1.0,0.9903381642512077,0.9951456310679612,0.9998845357541011,0.9998748466871917,0.0,193,0,2,205,73,periodic,2
8,3600,A,1,400,194,0.9975,1.0,0.9948453608247423,0.9974160206718347,0.997912845487319,0.9967095385847262,0.0,206,0,1,193,73,periodic,2
9,4000,A,1,400,189,0.9975,1.0,0.9947089947089947,0.9973474801061007,0.9973131613756615,0.9951352842348103,0.0,211,0,1,188,73,periodic,2
10,4400,A,2,400,212,1.0,1.0,1.0,1.0,1.0,1.0,0.0,188,0,0,212,73,periodic,2
11,4800,A,2,400,195,0.9975,1.0,0.9948717948717949,0.9974293059125964,0.9983440170940171,0.9976860537836147,0.0,205,0,1,194,73,periodic,2
12,5200,A,2,400,206,1.0,1.0,1.0,1.0,1.0,1.0,0.0,194,0,0,206,73,periodic,2
13,5600,A,2,400,188,0.9975,0.9947089947089947,1.0,0.9973474801061007,1.0,1.0,0.0047169811320754715,211,1,0,188,73,periodic,2
14,6000,A,3,400,192,1.0,1.0,1.0,1.0,1.0,1.0,0.0,208,0,0,192,73,periodic,2
15,6400,B,3,400,188,0.47,0.47,1.0,0.6394557823129252,0.9688742325055061,0.9482637494981935,1.0,0,212,0,188,73,periodic,2
16,6800,B,3,400,203,0.5075,0.5075,1.0,0.6733001658374793,0.9797880768625913,0.96454202195494,1.0,0,197,0,203,73,periodic,2
17,7200,B,3,400,188,0.47,0.47,1.0,0.6394557823129252,0.9604396376980127,0.9346397029305499,1.0,0,212,0,188,73,periodic,2
18,7600,B,4,400,193,0.9825,0.9946808510638298,0.9689119170984456,0.9816272965879265,0.9988743324072769,0.9988986508472879,0.004830917874396135,206,1,6,187,73,periodic,2
19,8000,B,4,400,215,0.9925,0.9862385321100917,1.0,0.9930715935334873,0.9999359931726051,0.9999245757385292,0.016216216216216217,182,3,0,215,73,periodic,2
20,8400,B,4,400,185,0.9925,1.0,0.9837837837837838,0.9918256130790191,0.9993890879520526,0.9994468887492145,0.0,215,0,3,182,73,periodic,2
21,8800,B,4,400,185,0.9975,0.9946236559139785,1.0,0.9973045822102425,1.0,1.0,0.004651162790697674,214,1,0,185,73,periodic,2
22,9200,B,5,400,196,0.995,0.98989898989899,1.0,0.9949238578680203,1.0,1.0,0.00980392156862745,202,2,0,196,73,periodic,2
23,9600,B,5,400,206,0.9975,1.0,0.9951456310679612,0.9975669099756691,0.9993297314863712,0.999174256831148,0.0,194,0,1,205,73,periodic,2
24,10000,B,5,400,203,1.0,1.0,1.0,1.0,1.0,1.0,0.0,197,0,0,203,73,periodic,2
25,10400,B,5,400,205,1.0,1.0,1.0,1.0,1.0,1.0,0.0,195,0,0,205,73,periodic,2
26,10800,B,6,400,217,0.9975,0.9954128440366973,1.0,0.9977011494252873,1.0,1.0,0.00546448087431694,182,1,0,217,73,periodic,2
27,11200,B,6,400,212,0.995,0.9952830188679245,0.9952830188679245,0.9952830188679245,0.9999559160641862,0.9999498193496589,0.005319148936170213,187,1,1,211,73,periodic,2
28,11600,B,6,400,205,0.9975,0.9951456310679612,1.0,0.9975669099756691,1.0,1.0,0.005128205128205128,194,1,0,205,73,periodic,2
29,12000,B,6,400,199,0.995,1.0,0.9899497487437185,0.9949494949494949,0.9990479831400184,0.9988874721868046,0.0,201,0,2,197,73,periodic,2
0,400,A,0,400,207,0.995,1.0,0.9903381642512077,0.9951456310679612,0.997798264251994,0.9958198793522064,0.0,193,0,2,205,73,drift,2
1,800,A,0,400,193,1.0,1.0,1.0,1.0,1.0,1.0,0.0,207,0,0,193,73,drift,2
2,1200,A,0,400,197,0.9975,1.0,0.9949238578680203,0.9974554707379135,0.9978650343386084,0.9964617038833739,0.0,203,0,1,196,73,drift,2
3,1600,A,0,400,189,1.0,1.0,1.0,1.0,1.0,1.0,0.0,211,0,0,189,73,drift,2
4,2000,A,0,400,216,0.995,1.0,0.9907407407407407,0.9953488372093023,0.9970378396608067,0.9949300523349436,0.0,184,0,2,214,73,drift,2
5,2400,A,0,400,203,0.9875,1.0,0.9753694581280788,0.9875311720698254,0.993842556675193,0.9909479632917406,0.0,197,0,5,198,73,drift,2
6,2800,A,0,400,212,0.9975,0.9953051643192489,1.0,0.9976470588235294,1.0,1.0,0.005319148936170213,187,1,0,212,73,drift,2
7,3200,A,0,400,207,0.995,1.0,0.9903381642512077,0.9951456310679612,0.9996475178700243,0.9995995093990138,0.0,193,0,2,205,73,drift,2
8,3600,A,0,400,194,0.9975,1.0,0.9948453608247423,0.9974160206718347,0.9977779121443904,0.9963717345611051,0.0,206,0,1,193,73,drift,2
9,4000,A,0,400,189,0.9975,1.0,0.9947089947089947,0.9973474801061007,0.9973615146028941,0.9953108152160284,0.0,211,0,1,188,73,drift,2
10,4400,A,0,400,212,1.0,1.0,1.0,1.0,0.9999999999999999,1.0,0.0,188,0,0,212,73,drift,2
11,4800,A,0,400,195,0.9975,1.0,0.9948717948717949,0.9974293059125964,0.9984819031750439,0.997948717948718,0.0,205,0,1,194,73,drift,2
12,5200,A,0,400,206,1.0,1.0,1.0,1.0,1.0,1.0,0.0,194,0,0,206,73,drift,2
13,5600,A,0,400,188,0.9975,0.9947089947089947,1.0,0.9973474801061007,1.0,1.0,0.0047169811320754715,211,1,0,188,73,drift,2
14,6000,A,0,400,192,1.0,1.0,1.0,1.0,1.0,1.0,0.0,208,0,0,192,73,drift,2
15,6400,B,0,400,188,0.47,0.47,1.0,0.6394557823129252,0.983180102833259,0.9748469490164593,1.0,0,212,0,188,73,drift,2
16,6800,B,0,400,203,0.5075,0.5075,1.0,0.6733001658374793,0.9904304422150786,0.9842464554524768,1.0,0,197,0,203,73,drift,2
17,7200,B,0,400,188,0.47,0.47,1.0,0.6394557823129252,0.9775975071317058,0.965977519068647,1.0,0,212,0,188,73,drift,2
18,7600,B,1,400,193,0.9825,0.9946808510638298,0.9689119170984456,0.9816272965879265,0.9988743324072769,0.9988986508472879,0.004830917874396135,206,1,6,187,73,drift,2
19,8000,B,1,400,215,0.9925,0.9862385321100917,1.0,0.9930715935334873,0.9999359931726051,0.9999245757385292,0.016216216216216217,182,3,0,215,73,drift,2
20,8400,B,1,400,185,0.9925,1.0,0.9837837837837838,0.9918256130790191,0.9993890879520526,0.9994468887492145,0.0,215,0,3,182,73,drift,2
21,8800,B,2,400,185,1.0,1.0,1.0,1.0,1.0,1.0,0.0,215,0,0,185,73,drift,2
22,9200,B,2,400,196,0.995,0.98989898989899,1.0,0.9949238578680203,1.0,1.0,0.00980392156862745,202,2,0,196,73,drift,2
23,9600,B,2,400,206,0.9975,1.0,0.9951456310679612,0.9975669099756691,0.9990826389419769,0.9987989190271245,0.0,194,0,1,205,73,drift,2
24,10000,B,2,400,203,1.0,1.0,1.0,1.0,1.0,1.0,0.0,197,0,0,203,73,drift,2
25,10400,B,2,400,205,1.0,1.0,1.0,1.0,1.0,1.0,0.0,195,0,0,205,73,drift,2
26,10800,B,2,400,217,0.9975,0.9954128440366973,1.0,0.9977011494252873,1.0,1.0,0.00546448087431694,182,1,0,217,73,drift,2
27,11200,B,2,400,212,0.9975,1.0,0.9952830188679245,0.9976359338061466,0.9999126484975541,0.9998996386993176,0.0,188,0,1,211,73,drift,2
28,11600,B,2,400,205,1.0,1.0,1.0,1.0,1.0,1.0,0.0,195,0,0,205,73,drift,2
29,12000,B,2,400,199,0.995,1.0,0.9899497487437185,0.9949494949494949,0.9986840216118185,0.9982874571864297,0.0,201,0,2,197,73,drift,2
