seed,policy,delay_batches,initial_fit_seconds,total_fit_seconds,predict_seconds,updates,detections,labels_revealed,n,phishing,accuracy,precision,recall,f1,average_precision,roc_auc,false_positive_rate,tn,fp,fn,tp,phase_A_f1,phase_A_recall,phase_A_false_positive_rate,phase_A_average_precision,phase_B_f1,phase_B_recall,phase_B_false_positive_rate,phase_B_average_precision
17,fixed,0,0.08021720800024923,0.08021720800024923,0.4646919999649981,0,0,14000,12000,6000,0.7485833333333334,0.6660358454859179,0.9971666666666666,0.7986384569178402,0.9969584394806641,0.995406986111111,0.5,3000,3000,17,5983,0.9971586160788902,0.9943333333333333,0.0,0.9985920140218131,0.6666666666666666,1.0,1.0,0.9974432465975407
17,periodic,0,0.07801820799795678,0.73986362398864,0.48332770798151614,7,0,14000,12000,6000,0.98,0.966321243523316,0.9946666666666667,0.9802890932982917,0.9987831609780906,0.9984160277777778,0.034666666666666665,5792,208,32,5968,0.9971595655806182,0.9946666666666667,0.0003333333333333333,0.9986593574296657,0.9639799709255371,0.9946666666666667,0.069,0.9983302900011372
17,drift,0,0.08337645800202154,0.17771845800598385,0.46810803799598943,1,1,14000,12000,6000,0.9795833333333334,0.966596400194584,0.9935,0.9798635653817703,0.9982384341989908,0.9977445833333333,0.034333333333333334,5794,206,39,5961,0.9971586160788902,0.9943333333333333,0.0,0.9985910596300603,0.963130659767141,0.9926666666666667,0.06866666666666667,0.9967369195619628
17,fixed,2,0.0805770000006305,0.0805770000006305,0.4639225820210413,0,0,13200,12000,6000,0.7485833333333334,0.6660358454859179,0.9971666666666666,0.7986384569178402,0.9969583327909226,0.9954068055555555,0.5,3000,3000,17,5983,0.9971586160788902,0.9943333333333333,0.0,0.9985912499304294,0.6666666666666666,1.0,1.0,0.9974432819668384
17,periodic,2,0.08639704099914525,0.6490512909876998,0.4644417930103373,6,0,13200,12000,6000,0.9444166666666667,0.9032209284742174,0.9955,0.9471180528026639,0.9977172444350537,0.9971886111111112,0.10666666666666667,5360,640,27,5973,0.9971586160788902,0.9943333333333333,0.0,0.998624253623211,0.9019607843137255,0.9966666666666667,0.21333333333333335,0.9954944197349814
17,drift,2,0.08336591700208373,0.32139375001133885,0.4713247489926289,2,2,13200,12000,6000,0.9445,0.9036016949152542,0.9951666666666666,0.9471763959390863,0.9977030648095764,0.9971720416666667,0.10616666666666667,5363,637,29,5971,0.9971586160788902,0.9943333333333333,0.0,0.9985912332882413,0.9020377358490566,0.996,0.21233333333333335,0.9956455741102724
42,fixed,0,0.0823380419969908,0.0823380419969908,0.4510877119755605,0,0,14000,12000,6000,0.7489166666666667,0.6661844887059085,0.9978333333333333,0.7989590978848335,0.9970122272736097,0.9956269166666666,0.5,3000,3000,13,5987,0.9978286286955069,0.9956666666666667,0.0,0.9989533054417744,0.6666666666666666,1.0,1.0,0.9960002668573622
42,periodic,0,0.08775562499795342,0.7010817499976838,0.4439297080170945,7,0,14000,12000,6000,0.9814166666666667,0.9683800875628344,0.9953333333333333,0.9816717350209583,0.9987508359494673,0.9984622638888889,0.0325,5805,195,28,5972,0.9974945715717388,0.9953333333333333,0.0003333333333333333,0.9990383578315346,0.9663430420711974,0.9953333333333333,0.06466666666666666,0.9976594897486631
42,drift,0,0.08520179100014502,0.1741297909975401,0.44885466903360793,1,1,14000,12000,6000,0.9808333333333333,0.9686484730344379,0.9938333333333333,0.981079302402106,0.9983324157503806,0.9978769444444444,0.03216666666666667,5807,193,37,5963,0.9978286286955069,0.9956666666666667,0.0,0.998953227386576,0.964824120603015,0.992,0.06433333333333334,0.9964823083101227
42,fixed,2,0.08698775000084424,0.08698775000084424,0.4450762039850815,0,0,13200,12000,6000,0.7489166666666667,0.6661844887059085,0.9978333333333333,0.7989590978848335,0.9970130516105709,0.9956277777777779,0.5,3000,3000,13,5987,0.9978286286955069,0.9956666666666667,0.0,0.9989532769608473,0.6666666666666666,1.0,1.0,0.9960030977029085
42,periodic,2,0.073771499999566,0.6089225010000519,0.4924534139718162,6,0,13200,12000,6000,0.9488333333333333,0.9105182926829268,0.9955,0.9511146496815287,0.9975942332933703,0.9971916666666667,0.09783333333333333,5413,587,27,5973,0.9978286286955069,0.9956666666666667,0.0,0.9991836714358684,0.9085653430701354,0.9953333333333333,0.19566666666666666,0.9942453422763994
42,drift,2,0.08018891700339736,0.26012666700262344,0.4407255860132864,2,2,13200,12000,6000,0.9486666666666667,0.9104910033546812,0.9951666666666666,0.9509476031215162,0.998078012721008,0.9975651388888889,0.09783333333333333,5413,587,29,5971,0.9978286286955069,0.9956666666666667,0.0,0.998953663961427,0.9082331456399331,0.9946666666666667,0.19566666666666666,0.9962887331054405
73,fixed,0,0.08144179100054316,0.08144179100054316,0.4465336669891258,0,0,14000,12000,6000,0.7485833333333334,0.6659619450317125,0.9975,0.7986921999065857,0.992730076951686,0.9898479583333334,0.5003333333333333,2998,3002,15,5985,0.9971605144479706,0.995,0.0006666666666666666,0.9986375657251866,0.6666666666666666,1.0,1.0,0.990963088934474
73,periodic,0,0.08160887499980163,0.6855184990054113,0.4656312909719418,7,0,14000,12000,6000,0.9785833333333334,0.9639683309096785,0.9943333333333333,0.9789154155386004,0.9978384584338689,0.9975427222222221,0.03716666666666667,5777,223,34,5966,0.9971605144479706,0.995,0.0006666666666666666,0.9987740397454583,0.9613028055465979,0.9936666666666667,0.07366666666666667,0.9959180229512818
73,drift,0,0.08539604199904716,0.1752679579949472,0.447103374011931,1,1,14000,12000,6000,0.97825,0.9633457129016632,0.9943333333333333,0.9785942754039203,0.9975798809725865,0.9971020972222222,0.03783333333333333,5773,227,34,5966,0.9971605144479706,0.995,0.0006666666666666666,0.9986377171139715,0.9606832097969706,0.9936666666666667,0.075,0.9949178418480301
73,fixed,2,0.07200074999855133,0.07200074999855133,0.45270216602511937,0,0,13200,12000,6000,0.7485833333333334,0.6659619450317125,0.9975,0.7986921999065857,0.9927302735699001,0.9898475972222222,0.5003333333333333,2998,3002,15,5985,0.9971605144479706,0.995,0.0006666666666666666,0.9986386173481191,0.6666666666666666,1.0,1.0,0.9909631189865316
73,periodic,2,0.08193766699696425,0.6091735409936518,0.4616950020135846,6,0,13200,12000,6000,0.9449166666666666,0.9041635124905375,0.9953333333333333,0.9475604918683063,0.9950694618291388,0.9944309305555555,0.1055,5367,633,28,5972,0.9971605144479706,0.995,0.0006666666666666666,0.9987497759972604,0.9026896343306134,0.9956666666666667,0.21033333333333334,0.9898115896040917
73,drift,2,0.08003800000005867,0.2614330420110491,0.46142937501281267,2,2,13200,12000,6000,0.9451666666666667,0.9045743714026053,0.9953333333333333,0.9477860657038565,0.9961271083751214,0.9954864444444445,0.105,5370,630,28,5972,0.9971605144479706,0.995,0.0006666666666666666,0.9986392085586526,0.9030990173847316,0.9956666666666667,0.20933333333333334,0.9919389538088631
