after_prediction_batch,revealed_source_batch,next_model_version,train_rows,fit_seconds,trigger,seed,policy,delay_batches
3,3,1,3600,0.08765429099730682,periodic,17,periodic,0
7,7,2,4000,0.09686341699853074,periodic,17,periodic,0
11,11,3,4000,0.08932374999858439,periodic,17,periodic,0
15,15,4,4000,0.09903245800524019,periodic,17,periodic,0
19,19,5,4000,0.09394166699348716,periodic,17,periodic,0
23,23,6,4000,0.09605066599760903,periodic,17,periodic,0
27,27,7,4000,0.09897916699992493,periodic,17,periodic,0
15,15,1,4000,0.09434200000396231,drift,17,drift,0
5,3,1,3600,0.08568954200018197,periodic,17,periodic,2
9,7,2,4000,0.09675774999777786,periodic,17,periodic,2
13,11,3,4000,0.09449624999979278,periodic,17,periodic,2
17,15,4,4000,0.0940996669960441,periodic,17,periodic,2
21,19,5,4000,0.09520737499406096,periodic,17,periodic,2
25,23,6,4000,0.09640366600069683,periodic,17,periodic,2
17,15,1,4000,0.12458987500576768,drift,17,drift,2
20,18,2,4000,0.11343795800348744,drift,17,drift,2
3,3,1,3600,0.0821910000013304,periodic,42,periodic,0
7,7,2,4000,0.08361525000509573,periodic,42,periodic,0
11,11,3,4000,0.09384712499740999,periodic,42,periodic,0
15,15,4,4000,0.09595654199802084,periodic,42,periodic,0
19,19,5,4000,0.08428487499622861,periodic,42,periodic,0
23,23,6,4000,0.09201191600004677,periodic,42,periodic,0
27,27,7,4000,0.08141941700159805,periodic,42,periodic,0
15,15,1,4000,0.08892799999739509,drift,42,drift,0
5,3,1,3600,0.09391874999710126,periodic,42,periodic,2
9,7,2,4000,0.09376729200448608,periodic,42,periodic,2
13,11,3,4000,0.08445741700415965,periodic,42,periodic,2
17,15,4,4000,0.0834229169995524,periodic,42,periodic,2
21,19,5,4000,0.09695741700124927,periodic,42,periodic,2
25,23,6,4000,0.08262720799393719,periodic,42,periodic,2
17,15,1,4000,0.09510962499916786,drift,42,drift,2
20,18,2,4000,0.08482812500005821,drift,42,drift,2
3,3,1,3600,0.08712608399946475,periodic,73,periodic,0
7,7,2,4000,0.083318707998842,periodic,73,periodic,0
11,11,3,4000,0.08676558300066972,periodic,73,periodic,0
15,15,4,4000,0.09786675000214018,periodic,73,periodic,0
19,19,5,4000,0.08473845799744595,periodic,73,periodic,0
23,23,6,4000,0.08321062500181142,periodic,73,periodic,0
27,27,7,4000,0.08088341600523563,periodic,73,periodic,0
15,15,1,4000,0.08987191599590005,drift,73,drift,0
5,3,1,3600,0.08540845800598618,periodic,73,periodic,2
9,7,2,4000,0.08864841699687531,periodic,73,periodic,2
13,11,3,4000,0.08594604099926073,periodic,73,periodic,2
17,15,4,4000,0.09544049999385606,periodic,73,periodic,2
21,19,5,4000,0.08569233299931511,periodic,73,periodic,2
25,23,6,4000,0.08610012500139419,periodic,73,periodic,2
17,15,1,4000,0.08386216700455407,drift,73,drift,2
20,18,2,4000,0.09753287500643637,drift,73,drift,2
