seed,policy,delay_batches,version,threshold,model,model_sha256,n,tn,fp,fn,tp,fpr,recall,precision,f1,average_precision,roc_auc
17,drift,0,1,0.5,artifacts/replay_models/source_switch_17_drift_0/version_1.joblib,2cc17847ec16a45c71a2e21ae6070cde4634032e760a5f469e88d141fb7d6794,40810,14851,14379,368,11212,0.4919261033185084,0.9682210708117444,0.43812277753897855,0.6032659869252912,0.8734380704009527,0.9323318809725973
17,drift,2,1,0.5,artifacts/replay_models/source_switch_17_drift_2/version_1.joblib,2cc17847ec16a45c71a2e21ae6070cde4634032e760a5f469e88d141fb7d6794,40810,14851,14379,368,11212,0.4919261033185084,0.9682210708117444,0.43812277753897855,0.6032659869252912,0.8734380702888868,0.9323318913128383
17,fixed,0,0,0.5,artifacts/replay_models/source_switch_17_fixed_0/version_0.joblib,a81468ddf02fb2a7d50a974d1ec1d1e23b37a4415d751fcd1d848114581bddcc,40810,78,29152,193,11387,0.9973315087239137,0.9833333333333333,0.2808900071536052,0.4369615687177421,0.2509221500527249,0.4163214030584661
17,fixed,2,0,0.5,artifacts/replay_models/source_switch_17_fixed_2/version_0.joblib,a81468ddf02fb2a7d50a974d1ec1d1e23b37a4415d751fcd1d848114581bddcc,40810,78,29152,193,11387,0.9973315087239137,0.9833333333333333,0.2808900071536052,0.4369615687177421,0.2509230544792514,0.4163193571678848
17,periodic,0,7,0.5,artifacts/replay_models/source_switch_17_periodic_0/version_7.joblib,e39251d373dd11a08a15392db809bceb6eeac22ade0af5c8d4c58b39b3d67db8,40810,26470,2760,1083,10497,0.09442353746151215,0.9064766839378239,0.7918081013804028,0.8452711680154608,0.9382036668111211,0.9662117448004836
17,periodic,2,6,0.5,artifacts/replay_models/source_switch_17_periodic_2/version_6.joblib,6cfa0b523680db5a872ccec20f1f40730e0bf74a4483149eb872c8d263c86f57,40810,26379,2851,1081,10499,0.09753677728361272,0.9066493955094992,0.7864419475655431,0.842278379462495,0.9340621399780851,0.964964271512281
17,threshold,0,0,0.0017289654845782,artifacts/replay_models/source_switch_17_threshold_0/version_0.joblib,a81468ddf02fb2a7d50a974d1ec1d1e23b37a4415d751fcd1d848114581bddcc,40810,0,29230,0,11580,1.0,1.0,0.2837539818671894,0.4420690971559458,0.2509221500527249,0.4163214030584661
17,threshold,2,0,0.0052690199796542,artifacts/replay_models/source_switch_17_threshold_2/version_0.joblib,a81468ddf02fb2a7d50a974d1ec1d1e23b37a4415d751fcd1d848114581bddcc,40810,5,29225,4,11576,0.9998289428669176,0.9996545768566494,0.2837185363103846,0.4419923254615223,0.2509221473582967,0.41632140453564337
42,drift,0,1,0.5,artifacts/replay_models/source_switch_42_drift_0/version_1.joblib,243bc122f4d6fe793214067a9d4df271c778a8e0d277b0acd130b7015b4898cb,40810,15711,13519,399,11181,0.4625042764283271,0.9655440414507772,0.4526720647773279,0.6163726571113561,0.8879260572444299,0.9353200688719151
42,drift,2,1,0.5,artifacts/replay_models/source_switch_42_drift_2/version_1.joblib,243bc122f4d6fe793214067a9d4df271c778a8e0d277b0acd130b7015b4898cb,40810,15711,13519,399,11181,0.4625042764283271,0.9655440414507772,0.4526720647773279,0.6163726571113561,0.8879260395909712,0.9353200422827235
42,fixed,0,0,0.5,artifacts/replay_models/source_switch_42_fixed_0/version_0.joblib,8603bd8e2a201900a0dd73d0869f29c03de4fda1d4008e8461b362e121ad7fda,40810,85,29145,243,11337,0.9970920287375984,0.9790155440414507,0.28005039276715576,0.435519188659675,0.2459282930256918,0.4032309871030603
42,fixed,2,0,0.5,artifacts/replay_models/source_switch_42_fixed_2/version_0.joblib,8603bd8e2a201900a0dd73d0869f29c03de4fda1d4008e8461b362e121ad7fda,40810,85,29145,243,11337,0.9970920287375984,0.9790155440414507,0.28005039276715576,0.435519188659675,0.24592841414033917,0.4032307049621932
42,periodic,0,7,0.5,artifacts/replay_models/source_switch_42_periodic_0/version_7.joblib,4a1ef30395c2cc3872a698bd553cba9e29916a32687299b89350eeede8ae0d9d,40810,26041,3189,1129,10451,0.10910023947998632,0.9025043177892919,0.7662023460410557,0.8287866772402855,0.9353780004291053,0.9640021386573168
42,periodic,2,6,0.5,artifacts/replay_models/source_switch_42_periodic_2/version_6.joblib,0d6740f52c09932a2600b98b66b852a2aeec4920073db0930d30a7d8ffd7bd12,40810,25827,3403,1206,10374,0.11642148477591516,0.8958549222797928,0.7529941206358424,0.8182355956934969,0.9242977017493537,0.9580401771549212
42,threshold,0,0,0.0037269526249197,artifacts/replay_models/source_switch_42_threshold_0/version_0.joblib,8603bd8e2a201900a0dd73d0869f29c03de4fda1d4008e8461b362e121ad7fda,40810,4,29226,5,11575,0.999863154293534,0.9995682210708118,0.2836940271071787,0.4419541436780512,0.24590985194869566,0.40311381739843083
42,threshold,2,0,0.1487141025641025,artifacts/replay_models/source_switch_42_threshold_2/version_0.joblib,8603bd8e2a201900a0dd73d0869f29c03de4fda1d4008e8461b362e121ad7fda,40810,66,29164,145,11435,0.9977420458433117,0.9874784110535406,0.28165718367447473,0.4382989325207459,0.24590990090508175,0.40311353525756355
73,drift,0,1,0.5,artifacts/replay_models/source_switch_73_drift_0/version_1.joblib,c5ee5b8d1ff49c505417cde5da3e6be3fe2cb21cd2f769ce065d2418e84192b5,40810,13892,15338,379,11201,0.5247348614437222,0.9672711571675302,0.42205810316892123,0.5876859309006007,0.8698130864467924,0.924836438064614
73,drift,2,1,0.5,artifacts/replay_models/source_switch_73_drift_2/version_1.joblib,c5ee5b8d1ff49c505417cde5da3e6be3fe2cb21cd2f769ce065d2418e84192b5,40810,13892,15338,379,11201,0.5247348614437222,0.9672711571675302,0.42205810316892123,0.5876859309006007,0.869813088046843,0.9248364395417914
73,fixed,0,0,0.5,artifacts/replay_models/source_switch_73_fixed_0/version_0.joblib,25628b32f179af336d5a628bdc73db10e9d53cbbeb98dcbaedf659cd9aeae333,40810,95,29135,212,11368,0.9967499144714335,0.981692573402418,0.28067056761227566,0.4365339938175604,0.28504392762269937,0.470920739392242
73,fixed,2,0,0.5,artifacts/replay_models/source_switch_73_fixed_2/version_0.joblib,25628b32f179af336d5a628bdc73db10e9d53cbbeb98dcbaedf659cd9aeae333,40810,95,29135,212,11368,0.9967499144714335,0.981692573402418,0.28067056761227566,0.4365339938175604,0.2850439260449937,0.470920739392242
73,periodic,0,7,0.5,artifacts/replay_models/source_switch_73_periodic_0/version_7.joblib,974a13950e4475e668d4809ab136b2dd3b98a94f074c733b3a9c8928b97cfb32,40810,25728,3502,956,10624,0.11980841601094766,0.9174438687392056,0.7520883477275945,0.8265774527347701,0.9357941742605149,0.9648578202062494
73,periodic,2,6,0.5,artifacts/replay_models/source_switch_73_periodic_2/version_6.joblib,3874f340eb98b368242264402c28623895755605a3617c1b7a0d1fcc8abe329a,40810,24874,4356,958,10622,0.14902497434143003,0.9172711571675303,0.7091734543997864,0.7999096317493787,0.9262807224289714,0.9556321550776197
73,threshold,0,0,0.009861981373745,artifacts/replay_models/source_switch_73_threshold_0/version_0.joblib,25628b32f179af336d5a628bdc73db10e9d53cbbeb98dcbaedf659cd9aeae333,40810,0,29230,0,11580,1.0,1.0,0.2837539818671894,0.4420690971559458,0.2850439260449937,0.470920739392242
73,threshold,2,0,0.3456107338409055,artifacts/replay_models/source_switch_73_threshold_2/version_0.joblib,25628b32f179af336d5a628bdc73db10e9d53cbbeb98dcbaedf659cd9aeae333,40810,69,29161,181,11399,0.9976394115634621,0.9843696027633851,0.2810404339250493,0.4372458764863828,0.2850437978089133,0.4709206803051494
