n,normal_n,phishing_n,tn,fp,fn,tp,fpr,recall,precision,f1,average_precision,roc_auc,domain_macro_fpr,domain_macro_recall,order,policy,delay,seed,updates,ignored_old_errors,pending_labels,seconds,final_model_sha256
2283,1143,1140,1103,40,194,946,0.03499562554680665,0.8298245614035088,0.9594320486815415,0.889934148635936,0.9647351054206641,0.9623313533176774,0.0395016339869281,0.804996432052353,path_profile,fixed,0,17,0,0,0,0.21722858294378966,76af2b1fc6ec63b57dc2e46dd4cf0c926e86f561f7d41ee2c3d396b39a4c97a8
2283,1143,1140,1103,40,194,946,0.03499562554680665,0.8298245614035088,0.9594320486815415,0.889934148635936,0.9647351054206641,0.9623313533176774,0.0395016339869281,0.804996432052353,path_profile,fixed,0,42,0,0,0,0.2559617499355227,d47da507ae29934b4b512675bdb4276a023b379f1bdf704b1f162c5d5d8dd703
2283,1143,1140,1103,40,194,946,0.03499562554680665,0.8298245614035088,0.9594320486815415,0.889934148635936,0.9647351054206641,0.9623313533176774,0.0395016339869281,0.804996432052353,path_profile,fixed,0,73,0,0,0,0.2236984589835629,39f9dd3e57a766b53499cde18c4b8e9cb022dcc0c1c4bbd6de49b8e54958c8f4
2283,1143,1140,1067,76,147,993,0.06649168853893263,0.8710526315789474,0.9289055191768008,0.8990493435943866,0.9647351054206641,0.9623313533176774,0.0775667211328976,0.8558083250661376,path_profile,threshold,0,17,15,0,0,0.8370357499225065,5083aa320b79a9ca95b996324e78d9b302c0d87641fde29efa0f7ffbc37c4aab
2283,1143,1140,1063,80,134,1006,0.0699912510936133,0.8824561403508772,0.9263351749539595,0.903863432165319,0.9647351054206641,0.9623313533176774,0.0832244008714597,0.8714984292328042,path_profile,threshold,0,42,15,0,0,0.7206263750558719,b960355af624f37791e913cdc8b1d6acd3b954355709fd1eeebfeb3a6e4a981c
2283,1143,1140,1073,70,138,1002,0.06124234470691164,0.8789473684210526,0.9347014925373134,0.9059674502712477,0.9647351054206641,0.9623313533176774,0.07565359477124182,0.8689593667328042,path_profile,threshold,0,73,15,0,0,0.6912649160949513,05f9a4c0afff28ecc89372c25aa48977a1214a732c0969898885b605c8816dd4
2283,1143,1140,1102,41,295,845,0.03587051618547681,0.7412280701754386,0.95372460496614,0.8341559723593287,0.9523496024906543,0.9502348390661695,0.042156862745098035,0.7128099328181564,path_profile,periodic,0,17,3,0,0,4.3390874590259045,71768118450502a969d5fdfa1d7e86e62e2ba81f588502b6fc13b0974004bcf4
2283,1143,1140,1086,57,241,899,0.049868766404199474,0.7885964912280702,0.9403765690376569,0.857824427480916,0.9538358630147251,0.9559085816027383,0.06094771241830065,0.7686615410052909,path_profile,periodic,0,42,3,0,0,4.435712749953382,98e7f47ee8b36993ef9b25ef73f6d76eab5a17eb6a801ca4c716cd1bbb9a9060
2283,1143,1140,1098,45,218,922,0.03937007874015748,0.8087719298245614,0.953464322647363,0.8751779781680114,0.9568051169210993,0.9557980691010116,0.04442436579151435,0.7791914682539682,path_profile,periodic,0,73,3,0,0,3.0457468749955297,e06601293a479b2c3264b059cb0c3d87d6f2846f9d924c99a7955b8845a64ef7
2283,1143,1140,1103,40,191,949,0.03499562554680665,0.8324561403508772,0.9595551061678463,0.8914983560356975,0.9653797671196664,0.9628585900446653,0.0395016339869281,0.809683932052353,path_profile,drift,0,17,1,0,0,1.3557969579705968,732a98559c639d5af4cb128262ef92593e56484b81e8353ac6116f51ecb6bc1c
2283,1143,1140,1103,40,194,946,0.03499562554680665,0.8298245614035088,0.9594320486815415,0.889934148635936,0.9649475131597284,0.9625063314454114,0.0395016339869281,0.804996432052353,path_profile,drift,0,42,1,0,0,1.2937240418978035,f52bbd51362084677b1e2dda640a68151e4b5f103a2a807cb6fae54d01d60863
2283,1143,1140,1103,40,192,948,0.03499562554680665,0.8315789473684211,0.9595141700404858,0.8909774436090225,0.9649694612568044,0.9625470061856304,0.0395016339869281,0.8081214320523531,path_profile,drift,0,73,1,0,0,1.2722854170715436,e6e41c08754c35dd592782b14eb575623fd880a65a0a845256e813850be6723e
2283,1143,1140,1103,40,194,946,0.03499562554680665,0.8298245614035088,0.9594320486815415,0.889934148635936,0.9647351054206641,0.9623313533176774,0.0395016339869281,0.804996432052353,path_profile,fixed,2,17,0,0,203,0.24632012494839728,76af2b1fc6ec63b57dc2e46dd4cf0c926e86f561f7d41ee2c3d396b39a4c97a8
2283,1143,1140,1103,40,194,946,0.03499562554680665,0.8298245614035088,0.9594320486815415,0.889934148635936,0.9647351054206641,0.9623313533176774,0.0395016339869281,0.804996432052353,path_profile,fixed,2,42,0,0,203,0.26667145802639425,d47da507ae29934b4b512675bdb4276a023b379f1bdf704b1f162c5d5d8dd703
2283,1143,1140,1103,40,194,946,0.03499562554680665,0.8298245614035088,0.9594320486815415,0.889934148635936,0.9647351054206641,0.9623313533176774,0.0395016339869281,0.804996432052353,path_profile,fixed,2,73,0,0,203,0.20328787504695356,39f9dd3e57a766b53499cde18c4b8e9cb022dcc0c1c4bbd6de49b8e54958c8f4
2283,1143,1140,1063,80,136,1004,0.0699912510936133,0.8807017543859649,0.9261992619926199,0.9028776978417267,0.9647351054206641,0.9623313533176774,0.08216230936819173,0.8661598875661376,path_profile,threshold,2,17,13,1920,203,0.5967224999330938,727b7147a9acf2b0cff7ebafeedad655a9329fd018358591bd77a8b4398b882a
2283,1143,1140,1067,76,136,1004,0.06649168853893263,0.8807017543859649,0.9296296296296296,0.9045045045045045,0.9647351054206641,0.9623313533176774,0.07998366013071895,0.8687640542328042,path_profile,threshold,2,42,13,1920,203,0.6259335411014035,ea4099abeab3d020a13da9171cc1041508419381e47b518761128a5444260012
2283,1143,1140,1065,78,136,1004,0.06824146981627296,0.8807017543859649,0.9279112754158965,0.9036903690369037,0.9647351054206641,0.9623313533176774,0.08018790849673203,0.8679553919521025,path_profile,threshold,2,73,13,1920,203,0.6739232499385253,999301b6d3d6b04a76d41b02025f655358584eadafe736fe3bb0068f23e3bd9d
2283,1143,1140,1089,54,218,922,0.047244094488188976,0.8087719298245614,0.944672131147541,0.8714555765595463,0.9548254096761161,0.9529431628064036,0.05483410878475684,0.7910868751740462,path_profile,periodic,2,17,3,800,203,3.0447694159811363,4918d8179f0ea0d78b2d29cfa6d749b04b4942c171f30cbc6d5d8d9e66a3a3c3
2283,1143,1140,1098,45,275,865,0.03937007874015748,0.7587719298245614,0.9505494505494505,0.8439024390243902,0.9528152773513385,0.9494896471274423,0.047058823529411764,0.7411335848301308,path_profile,periodic,2,42,3,800,203,3.310727624921128,a87097124a0ecc3e40331f1ab708567b36a33816d5a98de695843a0d22804d1d
2283,1143,1140,1106,37,305,835,0.03237095363079615,0.7324561403508771,0.9575688073394495,0.8300198807157058,0.9518293087068257,0.9494006231677181,0.03705065359477124,0.708522391047062,path_profile,periodic,2,73,3,800,203,4.077367833000608,ad0e2d9cba3f70bc199b3e8aaf6e466c2cb4dc4c11ad4d39bec0810ec197ebce
2283,1143,1140,1103,40,194,946,0.03499562554680665,0.8298245614035088,0.9594320486815415,0.889934148635936,0.9647351054206641,0.9623313533176774,0.0395016339869281,0.804996432052353,path_profile,drift,2,17,0,0,203,0.1793426249641925,76af2b1fc6ec63b57dc2e46dd4cf0c926e86f561f7d41ee2c3d396b39a4c97a8
2283,1143,1140,1103,40,194,946,0.03499562554680665,0.8298245614035088,0.9594320486815415,0.889934148635936,0.9647351054206641,0.9623313533176774,0.0395016339869281,0.804996432052353,path_profile,drift,2,42,0,0,203,0.18375974998343736,d47da507ae29934b4b512675bdb4276a023b379f1bdf704b1f162c5d5d8dd703
2283,1143,1140,1103,40,194,946,0.03499562554680665,0.8298245614035088,0.9594320486815415,0.889934148635936,0.9647351054206641,0.9623313533176774,0.0395016339869281,0.804996432052353,path_profile,drift,2,73,0,0,203,0.17894604103639722,39f9dd3e57a766b53499cde18c4b8e9cb022dcc0c1c4bbd6de49b8e54958c8f4
2283,1143,1140,1103,40,194,946,0.03499562554680665,0.8298245614035088,0.9594320486815415,0.889934148635936,0.9647351054206641,0.9623313533176774,0.0395016339869281,0.804996432052353,stationary,fixed,0,17,0,0,0,0.18935345800127834,76af2b1fc6ec63b57dc2e46dd4cf0c926e86f561f7d41ee2c3d396b39a4c97a8
2283,1143,1140,1103,40,194,946,0.03499562554680665,0.8298245614035088,0.9594320486815415,0.889934148635936,0.9647351054206641,0.9623313533176774,0.0395016339869281,0.804996432052353,stationary,fixed,0,42,0,0,0,0.19205529207829386,d47da507ae29934b4b512675bdb4276a023b379f1bdf704b1f162c5d5d8dd703
2283,1143,1140,1103,40,194,946,0.03499562554680665,0.8298245614035088,0.9594320486815415,0.889934148635936,0.9647351054206641,0.9623313533176774,0.0395016339869281,0.804996432052353,stationary,fixed,0,73,0,0,0,0.18435120896901935,39f9dd3e57a766b53499cde18c4b8e9cb022dcc0c1c4bbd6de49b8e54958c8f4
2283,1143,1140,1072,71,138,1002,0.0621172353455818,0.8789473684210526,0.9338303821062441,0.9055580659737912,0.9647351054206641,0.9623313533176774,0.07337962962962963,0.8671741419521025,stationary,threshold,0,17,15,0,0,1.2545242090709507,c560390ca6540e3bec249f9e9aa3f9fcdccdd0fe8e65214ade35924d1415497e
2283,1143,1140,1074,69,137,1003,0.06036745406824147,0.8798245614035087,0.9356343283582089,0.906871609403255,0.9647351054206641,0.9623313533176774,0.07109204793028322,0.8678251836187691,stationary,threshold,0,42,15,0,0,0.6258277909364551,cd68883c0cbbcbf282e7c94bac62833915ebb8d22944259c28d19c71c170dfe3
2283,1143,1140,1073,70,149,991,0.06124234470691164,0.8692982456140351,0.9340245051837889,0.9004997728305316,0.9647351054206641,0.9623313533176774,0.0713371459694989,0.8592487947298804,stationary,threshold,0,73,15,0,0,0.6622808750253171,4d28e79660f4130ce495e048df8983187aab96199d70f49eb2830f3753a61e35
2283,1143,1140,1091,52,180,960,0.045494313210848646,0.8421052631578947,0.9486166007905138,0.8921933085501859,0.9652986055224291,0.9651617012785683,0.051552287581699344,0.8110066072298803,stationary,periodic,0,17,3,0,0,3.7710462500108406,01c3d497f6f70bff45730d4649d0fa3d250c0a413d11580a90f9f7f47b56379a
2283,1143,1140,1099,44,210,930,0.03849518810148731,0.8157894736842105,0.9548254620123203,0.879848628192999,0.9659210162586109,0.9644341606422006,0.0429807798825745,0.7844666570941241,stationary,periodic,0,42,3,0,0,5.064698875066824,9431ab1b02364bd669a41cbcbaa88bca1013590b1bdc8ea5bdb9699239f046e4
2283,1143,1140,1093,50,182,958,0.04374453193350831,0.8403508771929824,0.9503968253968254,0.8919925512104283,0.9669830673530615,0.96678485364768,0.05277777777777777,0.8166299755465051,stationary,periodic,0,73,3,0,0,5.602044165949337,380f27504f2434c46ddc955649126de9110656f4b3a4fcc01c90367c187ea227
2283,1143,1140,1103,40,194,946,0.03499562554680665,0.8298245614035088,0.9594320486815415,0.889934148635936,0.9647351054206641,0.9623313533176774,0.0395016339869281,0.804996432052353,stationary,drift,0,17,0,0,0,0.26441404200159013,76af2b1fc6ec63b57dc2e46dd4cf0c926e86f561f7d41ee2c3d396b39a4c97a8
2283,1143,1140,1103,40,194,946,0.03499562554680665,0.8298245614035088,0.9594320486815415,0.889934148635936,0.9647351054206641,0.9623313533176774,0.0395016339869281,0.804996432052353,stationary,drift,0,42,0,0,0,0.22545462497510016,d47da507ae29934b4b512675bdb4276a023b379f1bdf704b1f162c5d5d8dd703
2283,1143,1140,1103,40,194,946,0.03499562554680665,0.8298245614035088,0.9594320486815415,0.889934148635936,0.9647351054206641,0.9623313533176774,0.0395016339869281,0.804996432052353,stationary,drift,0,73,0,0,0,0.25871583400294185,39f9dd3e57a766b53499cde18c4b8e9cb022dcc0c1c4bbd6de49b8e54958c8f4
2283,1143,1140,1103,40,194,946,0.03499562554680665,0.8298245614035088,0.9594320486815415,0.889934148635936,0.9647351054206641,0.9623313533176774,0.0395016339869281,0.804996432052353,stationary,fixed,2,17,0,0,203,0.22308404103387147,76af2b1fc6ec63b57dc2e46dd4cf0c926e86f561f7d41ee2c3d396b39a4c97a8
2283,1143,1140,1103,40,194,946,0.03499562554680665,0.8298245614035088,0.9594320486815415,0.889934148635936,0.9647351054206641,0.9623313533176774,0.0395016339869281,0.804996432052353,stationary,fixed,2,42,0,0,203,0.24508820800110698,d47da507ae29934b4b512675bdb4276a023b379f1bdf704b1f162c5d5d8dd703
2283,1143,1140,1103,40,194,946,0.03499562554680665,0.8298245614035088,0.9594320486815415,0.889934148635936,0.9647351054206641,0.9623313533176774,0.0395016339869281,0.804996432052353,stationary,fixed,2,73,0,0,203,0.2364607909694314,39f9dd3e57a766b53499cde18c4b8e9cb022dcc0c1c4bbd6de49b8e54958c8f4
2283,1143,1140,1071,72,154,986,0.06299212598425197,0.8649122807017544,0.9319470699432892,0.8971792538671519,0.9647351054206641,0.9623313533176774,0.07426470588235294,0.8534878755047342,stationary,threshold,2,17,13,1920,203,0.7770407919306308,9750495a1157423012b31edffadf637a25fee267b3f92369b6a1dc989272a933
2283,1143,1140,1071,72,150,990,0.06299212598425197,0.868421052631579,0.9322033898305084,0.8991825613079019,0.9647351054206641,0.9623313533176774,0.07524509803921568,0.8535296792328042,stationary,threshold,2,42,13,1920,203,0.639680500025861,e763a40908e46ee8e7393ef67a336a70284afd1135f148faf6a7f86ad82f993c
2283,1143,1140,1082,61,144,996,0.05336832895888014,0.8736842105263158,0.9422894985808893,0.9066909421939008,0.9647351054206641,0.9623313533176774,0.061288126361655766,0.860469783399471,stationary,threshold,2,73,13,1920,203,0.6288987919688225,471a10f7f4410d18cfd686ddb3697f849e6a7fa781da26a4947809469e971d46
2283,1143,1140,1097,46,190,950,0.04024496937882765,0.8333333333333334,0.9538152610441767,0.8895131086142322,0.9652133198902129,0.9645991619468618,0.04481901517669215,0.7981409578634084,stationary,periodic,2,17,3,800,203,4.386084707919508,2ce7cac22031f0ee11c514febc6c5f9261306e8d69b317115243b15b5390ca2e
2283,1143,1140,1109,34,230,910,0.02974628171478565,0.7982456140350878,0.9639830508474576,0.8733205374280231,0.9668105946520845,0.9660128010314499,0.03251633986928104,0.7705038747041214,stationary,periodic,2,42,3,800,203,4.379650791990571,16b529f72f9a18f564bf4d05e8cd3ba0f516d2a0a762fe5761963623330aa696
2283,1143,1140,1095,48,166,974,0.04199475065616798,0.8543859649122807,0.9530332681017613,0.9010175763182239,0.9657445487490479,0.965503215606821,0.049101307189542476,0.8288582458751044,stationary,periodic,2,73,3,800,203,3.466536583029665,2deb7a73d1b51d4b810eb70b9bfa4aa15c60bc2ca33727d77e79f8b34d5122a2
2283,1143,1140,1103,40,194,946,0.03499562554680665,0.8298245614035088,0.9594320486815415,0.889934148635936,0.9647351054206641,0.9623313533176774,0.0395016339869281,0.804996432052353,stationary,drift,2,17,0,0,203,0.18081583303865045,76af2b1fc6ec63b57dc2e46dd4cf0c926e86f561f7d41ee2c3d396b39a4c97a8
2283,1143,1140,1103,40,194,946,0.03499562554680665,0.8298245614035088,0.9594320486815415,0.889934148635936,0.9647351054206641,0.9623313533176774,0.0395016339869281,0.804996432052353,stationary,drift,2,42,0,0,203,0.21182604099158198,d47da507ae29934b4b512675bdb4276a023b379f1bdf704b1f162c5d5d8dd703
2283,1143,1140,1103,40,194,946,0.03499562554680665,0.8298245614035088,0.9594320486815415,0.889934148635936,0.9647351054206641,0.9623313533176774,0.0395016339869281,0.804996432052353,stationary,drift,2,73,0,0,203,0.15686441701836884,39f9dd3e57a766b53499cde18c4b8e9cb022dcc0c1c4bbd6de49b8e54958c8f4
