variant,seed,threshold,n,phishing,accuracy,precision,recall,f1,average_precision,roc_auc,false_positive_rate,tn,fp,fn,tp
without_https,17,0.3150312962419848,47031,20061,0.9507984095596521,0.9433424931301524,0.9411794028213948,0.9422597065575407,0.985810404831781,0.9872004254284351,0.042046718576195775,25836,1134,1180,18881
host_only,17,0.3787716272514468,47031,20061,0.8151432034190215,0.8000950419768731,0.7553461941079707,0.7770769230769231,0.8851560834502392,0.8668118745057829,0.14037819799777532,23184,3786,4908,15153
https_only,17,1.0,47031,20061,0.774106440432906,1.0,0.47041523353771,0.639839989151807,0.696308793104804,0.735207616768855,0.0,26970,0,10624,9437
without_https,42,0.3231363488486668,47031,20061,0.9568369798643448,0.946599296577005,0.9525447385474304,0.9495627111906182,0.9870602673509864,0.9886345311981992,0.03997033741193919,25892,1078,952,19109
host_only,42,0.3813536604039884,47031,20061,0.8149093151325721,0.7997255067567568,0.7551966502168387,0.7768234841686963,0.8848141412429824,0.866497239962423,0.1406748238783834,23176,3794,4911,15150
https_only,42,1.0,47031,20061,0.774106440432906,1.0,0.47041523353771,0.639839989151807,0.696308793104804,0.735207616768855,0.0,26970,0,10624,9437
without_https,73,0.35144512356486524,47031,20061,0.9551359741447131,0.9593163092983983,0.9344499277204527,0.9467198626332003,0.986475804694442,0.9877566128166342,0.029477196885428252,26175,795,1315,18746
host_only,73,0.38129991299651855,47031,20061,0.8147604771321043,0.7994933234812899,0.7550969542894173,0.7766611977030353,0.8847539419257231,0.8664321899408141,0.14086021505376345,23171,3799,4913,15148
https_only,73,1.0,47031,20061,0.774106440432906,1.0,0.47041523353771,0.639839989151807,0.696308793104804,0.735207616768855,0.0,26970,0,10624,9437
