seed,policy,delay_batches,arrival_batch,source_batch,prediction_version,current_version,n_labels,used_by_detector,scenario
17,fixed,0,0,0,0,0,400,False,source_switch
17,fixed,0,1,1,0,0,400,False,source_switch
17,fixed,0,2,2,0,0,400,False,source_switch
17,fixed,0,3,3,0,0,400,False,source_switch
17,fixed,0,4,4,0,0,400,False,source_switch
17,fixed,0,5,5,0,0,400,False,source_switch
17,fixed,0,6,6,0,0,400,False,source_switch
17,fixed,0,7,7,0,0,400,False,source_switch
17,fixed,0,8,8,0,0,400,False,source_switch
17,fixed,0,9,9,0,0,400,False,source_switch
17,fixed,0,10,10,0,0,400,False,source_switch
17,fixed,0,11,11,0,0,400,False,source_switch
17,fixed,0,12,12,0,0,400,False,source_switch
17,fixed,0,13,13,0,0,400,False,source_switch
17,fixed,0,14,14,0,0,400,False,source_switch
17,fixed,0,15,15,0,0,400,False,source_switch
17,fixed,0,16,16,0,0,400,False,source_switch
17,fixed,0,17,17,0,0,400,False,source_switch
17,fixed,0,18,18,0,0,400,False,source_switch
17,fixed,0,19,19,0,0,400,False,source_switch
17,fixed,0,20,20,0,0,400,False,source_switch
17,fixed,0,21,21,0,0,400,False,source_switch
17,fixed,0,22,22,0,0,400,False,source_switch
17,fixed,0,23,23,0,0,400,False,source_switch
17,fixed,0,24,24,0,0,400,False,source_switch
17,fixed,0,25,25,0,0,400,False,source_switch
17,fixed,0,26,26,0,0,400,False,source_switch
17,fixed,0,27,27,0,0,400,False,source_switch
17,fixed,0,28,28,0,0,400,False,source_switch
17,fixed,0,29,29,0,0,400,False,source_switch
17,periodic,0,0,0,0,0,400,False,source_switch
17,periodic,0,1,1,0,0,400,False,source_switch
17,periodic,0,2,2,0,0,400,False,source_switch
17,periodic,0,3,3,0,0,400,False,source_switch
17,periodic,0,4,4,1,1,400,False,source_switch
17,periodic,0,5,5,1,1,400,False,source_switch
17,periodic,0,6,6,1,1,400,False,source_switch
17,periodic,0,7,7,1,1,400,False,source_switch
17,periodic,0,8,8,2,2,400,False,source_switch
17,periodic,0,9,9,2,2,400,False,source_switch
17,periodic,0,10,10,2,2,400,False,source_switch
17,periodic,0,11,11,2,2,400,False,source_switch
17,periodic,0,12,12,3,3,400,False,source_switch
17,periodic,0,13,13,3,3,400,False,source_switch
17,periodic,0,14,14,3,3,400,False,source_switch
17,periodic,0,15,15,3,3,400,False,source_switch
17,periodic,0,16,16,4,4,400,False,source_switch
17,periodic,0,17,17,4,4,400,False,source_switch
17,periodic,0,18,18,4,4,400,False,source_switch
17,periodic,0,19,19,4,4,400,False,source_switch
17,periodic,0,20,20,5,5,400,False,source_switch
17,periodic,0,21,21,5,5,400,False,source_switch
17,periodic,0,22,22,5,5,400,False,source_switch
17,periodic,0,23,23,5,5,400,False,source_switch
17,periodic,0,24,24,6,6,400,False,source_switch
17,periodic,0,25,25,6,6,400,False,source_switch
17,periodic,0,26,26,6,6,400,False,source_switch
17,periodic,0,27,27,6,6,400,False,source_switch
17,periodic,0,28,28,7,7,400,False,source_switch
17,periodic,0,29,29,7,7,400,False,source_switch
17,drift,0,0,0,0,0,400,True,source_switch
17,drift,0,1,1,0,0,400,True,source_switch
17,drift,0,2,2,0,0,400,True,source_switch
17,drift,0,3,3,0,0,400,True,source_switch
17,drift,0,4,4,0,0,400,True,source_switch
17,drift,0,5,5,0,0,400,True,source_switch
17,drift,0,6,6,0,0,400,True,source_switch
17,drift,0,7,7,0,0,400,True,source_switch
17,drift,0,8,8,0,0,400,True,source_switch
17,drift,0,9,9,0,0,400,True,source_switch
17,drift,0,10,10,0,0,400,True,source_switch
17,drift,0,11,11,0,0,400,True,source_switch
17,drift,0,12,12,0,0,400,True,source_switch
17,drift,0,13,13,0,0,400,True,source_switch
17,drift,0,14,14,1,1,400,True,source_switch
17,drift,0,15,15,1,1,400,True,source_switch
17,drift,0,16,16,1,1,400,True,source_switch
17,drift,0,17,17,1,1,400,True,source_switch
17,drift,0,18,18,1,1,400,True,source_switch
17,drift,0,19,19,1,1,400,True,source_switch
17,drift,0,20,20,1,1,400,True,source_switch
17,drift,0,21,21,1,1,400,True,source_switch
17,drift,0,22,22,1,1,400,True,source_switch
17,drift,0,23,23,1,1,400,True,source_switch
17,drift,0,24,24,1,1,400,True,source_switch
17,drift,0,25,25,1,1,400,True,source_switch
17,drift,0,26,26,1,1,400,True,source_switch
17,drift,0,27,27,1,1,400,True,source_switch
17,drift,0,28,28,1,1,400,True,source_switch
17,drift,0,29,29,1,1,400,True,source_switch
17,threshold,0,0,0,0,0,400,False,source_switch
17,threshold,0,1,1,0,0,400,False,source_switch
17,threshold,0,2,2,0,0,400,False,source_switch
17,threshold,0,3,3,0,0,400,False,source_switch
17,threshold,0,4,4,0,0,400,False,source_switch
17,threshold,0,5,5,0,0,400,False,source_switch
17,threshold,0,6,6,0,0,400,False,source_switch
17,threshold,0,7,7,0,0,400,False,source_switch
17,threshold,0,8,8,0,0,400,False,source_switch
17,threshold,0,9,9,0,0,400,False,source_switch
17,threshold,0,10,10,0,0,400,False,source_switch
17,threshold,0,11,11,0,0,400,False,source_switch
17,threshold,0,12,12,0,0,400,False,source_switch
17,threshold,0,13,13,0,0,400,False,source_switch
17,threshold,0,14,14,0,0,400,False,source_switch
17,threshold,0,15,15,0,0,400,False,source_switch
17,threshold,0,16,16,0,0,400,False,source_switch
17,threshold,0,17,17,0,0,400,False,source_switch
17,threshold,0,18,18,0,0,400,False,source_switch
17,threshold,0,19,19,0,0,400,False,source_switch
17,threshold,0,20,20,0,0,400,False,source_switch
17,threshold,0,21,21,0,0,400,False,source_switch
17,threshold,0,22,22,0,0,400,False,source_switch
17,threshold,0,23,23,0,0,400,False,source_switch
17,threshold,0,24,24,0,0,400,False,source_switch
17,threshold,0,25,25,0,0,400,False,source_switch
17,threshold,0,26,26,0,0,400,False,source_switch
17,threshold,0,27,27,0,0,400,False,source_switch
17,threshold,0,28,28,0,0,400,False,source_switch
17,threshold,0,29,29,0,0,400,False,source_switch
17,fixed,2,2,0,0,0,400,False,source_switch
17,fixed,2,3,1,0,0,400,False,source_switch
17,fixed,2,4,2,0,0,400,False,source_switch
17,fixed,2,5,3,0,0,400,False,source_switch
17,fixed,2,6,4,0,0,400,False,source_switch
17,fixed,2,7,5,0,0,400,False,source_switch
17,fixed,2,8,6,0,0,400,False,source_switch
17,fixed,2,9,7,0,0,400,False,source_switch
17,fixed,2,10,8,0,0,400,False,source_switch
17,fixed,2,11,9,0,0,400,False,source_switch
17,fixed,2,12,10,0,0,400,False,source_switch
17,fixed,2,13,11,0,0,400,False,source_switch
17,fixed,2,14,12,0,0,400,False,source_switch
17,fixed,2,15,13,0,0,400,False,source_switch
17,fixed,2,16,14,0,0,400,False,source_switch
17,fixed,2,17,15,0,0,400,False,source_switch
17,fixed,2,18,16,0,0,400,False,source_switch
17,fixed,2,19,17,0,0,400,False,source_switch
17,fixed,2,20,18,0,0,400,False,source_switch
17,fixed,2,21,19,0,0,400,False,source_switch
17,fixed,2,22,20,0,0,400,False,source_switch
17,fixed,2,23,21,0,0,400,False,source_switch
17,fixed,2,24,22,0,0,400,False,source_switch
17,fixed,2,25,23,0,0,400,False,source_switch
17,fixed,2,26,24,0,0,400,False,source_switch
17,fixed,2,27,25,0,0,400,False,source_switch
17,fixed,2,28,26,0,0,400,False,source_switch
17,fixed,2,29,27,0,0,400,False,source_switch
17,periodic,2,2,0,0,0,400,False,source_switch
17,periodic,2,3,1,0,0,400,False,source_switch
17,periodic,2,4,2,0,0,400,False,source_switch
17,periodic,2,5,3,0,0,400,False,source_switch
17,periodic,2,6,4,0,1,400,False,source_switch
17,periodic,2,7,5,0,1,400,False,source_switch
17,periodic,2,8,6,1,1,400,False,source_switch
17,periodic,2,9,7,1,1,400,False,source_switch
17,periodic,2,10,8,1,2,400,False,source_switch
17,periodic,2,11,9,1,2,400,False,source_switch
17,periodic,2,12,10,2,2,400,False,source_switch
17,periodic,2,13,11,2,2,400,False,source_switch
17,periodic,2,14,12,2,3,400,False,source_switch
17,periodic,2,15,13,2,3,400,False,source_switch
17,periodic,2,16,14,3,3,400,False,source_switch
17,periodic,2,17,15,3,3,400,False,source_switch
17,periodic,2,18,16,3,4,400,False,source_switch
17,periodic,2,19,17,3,4,400,False,source_switch
17,periodic,2,20,18,4,4,400,False,source_switch
17,periodic,2,21,19,4,4,400,False,source_switch
17,periodic,2,22,20,4,5,400,False,source_switch
17,periodic,2,23,21,4,5,400,False,source_switch
17,periodic,2,24,22,5,5,400,False,source_switch
17,periodic,2,25,23,5,5,400,False,source_switch
17,periodic,2,26,24,5,6,400,False,source_switch
17,periodic,2,27,25,5,6,400,False,source_switch
17,periodic,2,28,26,6,6,400,False,source_switch
17,periodic,2,29,27,6,6,400,False,source_switch
17,drift,2,2,0,0,0,400,True,source_switch
17,drift,2,3,1,0,0,400,True,source_switch
17,drift,2,4,2,0,0,400,True,source_switch
17,drift,2,5,3,0,0,400,True,source_switch
17,drift,2,6,4,0,0,400,True,source_switch
17,drift,2,7,5,0,0,400,True,source_switch
17,drift,2,8,6,0,0,400,True,source_switch
17,drift,2,9,7,0,0,400,True,source_switch
17,drift,2,10,8,0,0,400,True,source_switch
17,drift,2,11,9,0,0,400,True,source_switch
17,drift,2,12,10,0,0,400,True,source_switch
17,drift,2,13,11,0,0,400,True,source_switch
17,drift,2,14,12,0,0,400,True,source_switch
17,drift,2,15,13,0,0,400,True,source_switch
17,drift,2,16,14,0,1,400,False,source_switch
17,drift,2,17,15,0,1,400,False,source_switch
17,drift,2,18,16,1,1,400,True,source_switch
17,drift,2,19,17,1,1,400,True,source_switch
17,drift,2,20,18,1,1,400,True,source_switch
17,drift,2,21,19,1,1,400,True,source_switch
17,drift,2,22,20,1,1,400,True,source_switch
17,drift,2,23,21,1,1,400,True,source_switch
17,drift,2,24,22,1,1,400,True,source_switch
17,drift,2,25,23,1,1,400,True,source_switch
17,drift,2,26,24,1,1,400,True,source_switch
17,drift,2,27,25,1,1,400,True,source_switch
17,drift,2,28,26,1,1,400,True,source_switch
17,drift,2,29,27,1,1,400,True,source_switch
17,threshold,2,2,0,0,0,400,False,source_switch
17,threshold,2,3,1,0,0,400,False,source_switch
17,threshold,2,4,2,0,0,400,False,source_switch
17,threshold,2,5,3,0,0,400,False,source_switch
17,threshold,2,6,4,0,0,400,False,source_switch
17,threshold,2,7,5,0,0,400,False,source_switch
17,threshold,2,8,6,0,0,400,False,source_switch
17,threshold,2,9,7,0,0,400,False,source_switch
17,threshold,2,10,8,0,0,400,False,source_switch
17,threshold,2,11,9,0,0,400,False,source_switch
17,threshold,2,12,10,0,0,400,False,source_switch
17,threshold,2,13,11,0,0,400,False,source_switch
17,threshold,2,14,12,0,0,400,False,source_switch
17,threshold,2,15,13,0,0,400,False,source_switch
17,threshold,2,16,14,0,0,400,False,source_switch
17,threshold,2,17,15,0,0,400,False,source_switch
17,threshold,2,18,16,0,0,400,False,source_switch
17,threshold,2,19,17,0,0,400,False,source_switch
17,threshold,2,20,18,0,0,400,False,source_switch
17,threshold,2,21,19,0,0,400,False,source_switch
17,threshold,2,22,20,0,0,400,False,source_switch
17,threshold,2,23,21,0,0,400,False,source_switch
17,threshold,2,24,22,0,0,400,False,source_switch
17,threshold,2,25,23,0,0,400,False,source_switch
17,threshold,2,26,24,0,0,400,False,source_switch
17,threshold,2,27,25,0,0,400,False,source_switch
17,threshold,2,28,26,0,0,400,False,source_switch
17,threshold,2,29,27,0,0,400,False,source_switch
42,fixed,0,0,0,0,0,400,False,source_switch
42,fixed,0,1,1,0,0,400,False,source_switch
42,fixed,0,2,2,0,0,400,False,source_switch
42,fixed,0,3,3,0,0,400,False,source_switch
42,fixed,0,4,4,0,0,400,False,source_switch
42,fixed,0,5,5,0,0,400,False,source_switch
42,fixed,0,6,6,0,0,400,False,source_switch
42,fixed,0,7,7,0,0,400,False,source_switch
42,fixed,0,8,8,0,0,400,False,source_switch
42,fixed,0,9,9,0,0,400,False,source_switch
42,fixed,0,10,10,0,0,400,False,source_switch
42,fixed,0,11,11,0,0,400,False,source_switch
42,fixed,0,12,12,0,0,400,False,source_switch
42,fixed,0,13,13,0,0,400,False,source_switch
42,fixed,0,14,14,0,0,400,False,source_switch
42,fixed,0,15,15,0,0,400,False,source_switch
42,fixed,0,16,16,0,0,400,False,source_switch
42,fixed,0,17,17,0,0,400,False,source_switch
42,fixed,0,18,18,0,0,400,False,source_switch
42,fixed,0,19,19,0,0,400,False,source_switch
42,fixed,0,20,20,0,0,400,False,source_switch
42,fixed,0,21,21,0,0,400,False,source_switch
42,fixed,0,22,22,0,0,400,False,source_switch
42,fixed,0,23,23,0,0,400,False,source_switch
42,fixed,0,24,24,0,0,400,False,source_switch
42,fixed,0,25,25,0,0,400,False,source_switch
42,fixed,0,26,26,0,0,400,False,source_switch
42,fixed,0,27,27,0,0,400,False,source_switch
42,fixed,0,28,28,0,0,400,False,source_switch
42,fixed,0,29,29,0,0,400,False,source_switch
42,periodic,0,0,0,0,0,400,False,source_switch
42,periodic,0,1,1,0,0,400,False,source_switch
42,periodic,0,2,2,0,0,400,False,source_switch
42,periodic,0,3,3,0,0,400,False,source_switch
42,periodic,0,4,4,1,1,400,False,source_switch
42,periodic,0,5,5,1,1,400,False,source_switch
42,periodic,0,6,6,1,1,400,False,source_switch
42,periodic,0,7,7,1,1,400,False,source_switch
42,periodic,0,8,8,2,2,400,False,source_switch
42,periodic,0,9,9,2,2,400,False,source_switch
42,periodic,0,10,10,2,2,400,False,source_switch
42,periodic,0,11,11,2,2,400,False,source_switch
42,periodic,0,12,12,3,3,400,False,source_switch
42,periodic,0,13,13,3,3,400,False,source_switch
42,periodic,0,14,14,3,3,400,False,source_switch
42,periodic,0,15,15,3,3,400,False,source_switch
42,periodic,0,16,16,4,4,400,False,source_switch
42,periodic,0,17,17,4,4,400,False,source_switch
42,periodic,0,18,18,4,4,400,False,source_switch
42,periodic,0,19,19,4,4,400,False,source_switch
42,periodic,0,20,20,5,5,400,False,source_switch
42,periodic,0,21,21,5,5,400,False,source_switch
42,periodic,0,22,22,5,5,400,False,source_switch
42,periodic,0,23,23,5,5,400,False,source_switch
42,periodic,0,24,24,6,6,400,False,source_switch
42,periodic,0,25,25,6,6,400,False,source_switch
42,periodic,0,26,26,6,6,400,False,source_switch
42,periodic,0,27,27,6,6,400,False,source_switch
42,periodic,0,28,28,7,7,400,False,source_switch
42,periodic,0,29,29,7,7,400,False,source_switch
42,drift,0,0,0,0,0,400,True,source_switch
42,drift,0,1,1,0,0,400,True,source_switch
42,drift,0,2,2,0,0,400,True,source_switch
42,drift,0,3,3,0,0,400,True,source_switch
42,drift,0,4,4,0,0,400,True,source_switch
42,drift,0,5,5,0,0,400,True,source_switch
42,drift,0,6,6,0,0,400,True,source_switch
42,drift,0,7,7,0,0,400,True,source_switch
42,drift,0,8,8,0,0,400,True,source_switch
42,drift,0,9,9,0,0,400,True,source_switch
42,drift,0,10,10,0,0,400,True,source_switch
42,drift,0,11,11,0,0,400,True,source_switch
42,drift,0,12,12,0,0,400,True,source_switch
42,drift,0,13,13,0,0,400,True,source_switch
42,drift,0,14,14,0,0,400,True,source_switch
42,drift,0,15,15,0,0,400,True,source_switch
42,drift,0,16,16,1,1,400,True,source_switch
42,drift,0,17,17,1,1,400,True,source_switch
42,drift,0,18,18,1,1,400,True,source_switch
42,drift,0,19,19,1,1,400,True,source_switch
42,drift,0,20,20,1,1,400,True,source_switch
42,drift,0,21,21,1,1,400,True,source_switch
42,drift,0,22,22,1,1,400,True,source_switch
42,drift,0,23,23,1,1,400,True,source_switch
42,drift,0,24,24,1,1,400,True,source_switch
42,drift,0,25,25,1,1,400,True,source_switch
42,drift,0,26,26,1,1,400,True,source_switch
42,drift,0,27,27,1,1,400,True,source_switch
42,drift,0,28,28,1,1,400,True,source_switch
42,drift,0,29,29,1,1,400,True,source_switch
42,threshold,0,0,0,0,0,400,False,source_switch
42,threshold,0,1,1,0,0,400,False,source_switch
42,threshold,0,2,2,0,0,400,False,source_switch
42,threshold,0,3,3,0,0,400,False,source_switch
42,threshold,0,4,4,0,0,400,False,source_switch
42,threshold,0,5,5,0,0,400,False,source_switch
42,threshold,0,6,6,0,0,400,False,source_switch
42,threshold,0,7,7,0,0,400,False,source_switch
42,threshold,0,8,8,0,0,400,False,source_switch
42,threshold,0,9,9,0,0,400,False,source_switch
42,threshold,0,10,10,0,0,400,False,source_switch
42,threshold,0,11,11,0,0,400,False,source_switch
42,threshold,0,12,12,0,0,400,False,source_switch
42,threshold,0,13,13,0,0,400,False,source_switch
42,threshold,0,14,14,0,0,400,False,source_switch
42,threshold,0,15,15,0,0,400,False,source_switch
42,threshold,0,16,16,0,0,400,False,source_switch
42,threshold,0,17,17,0,0,400,False,source_switch
42,threshold,0,18,18,0,0,400,False,source_switch
42,threshold,0,19,19,0,0,400,False,source_switch
42,threshold,0,20,20,0,0,400,False,source_switch
42,threshold,0,21,21,0,0,400,False,source_switch
42,threshold,0,22,22,0,0,400,False,source_switch
42,threshold,0,23,23,0,0,400,False,source_switch
42,threshold,0,24,24,0,0,400,False,source_switch
42,threshold,0,25,25,0,0,400,False,source_switch
42,threshold,0,26,26,0,0,400,False,source_switch
42,threshold,0,27,27,0,0,400,False,source_switch
42,threshold,0,28,28,0,0,400,False,source_switch
42,threshold,0,29,29,0,0,400,False,source_switch
42,fixed,2,2,0,0,0,400,False,source_switch
42,fixed,2,3,1,0,0,400,False,source_switch
42,fixed,2,4,2,0,0,400,False,source_switch
42,fixed,2,5,3,0,0,400,False,source_switch
42,fixed,2,6,4,0,0,400,False,source_switch
42,fixed,2,7,5,0,0,400,False,source_switch
42,fixed,2,8,6,0,0,400,False,source_switch
42,fixed,2,9,7,0,0,400,False,source_switch
42,fixed,2,10,8,0,0,400,False,source_switch
42,fixed,2,11,9,0,0,400,False,source_switch
42,fixed,2,12,10,0,0,400,False,source_switch
42,fixed,2,13,11,0,0,400,False,source_switch
42,fixed,2,14,12,0,0,400,False,source_switch
42,fixed,2,15,13,0,0,400,False,source_switch
42,fixed,2,16,14,0,0,400,False,source_switch
42,fixed,2,17,15,0,0,400,False,source_switch
42,fixed,2,18,16,0,0,400,False,source_switch
42,fixed,2,19,17,0,0,400,False,source_switch
42,fixed,2,20,18,0,0,400,False,source_switch
42,fixed,2,21,19,0,0,400,False,source_switch
42,fixed,2,22,20,0,0,400,False,source_switch
42,fixed,2,23,21,0,0,400,False,source_switch
42,fixed,2,24,22,0,0,400,False,source_switch
42,fixed,2,25,23,0,0,400,False,source_switch
42,fixed,2,26,24,0,0,400,False,source_switch
42,fixed,2,27,25,0,0,400,False,source_switch
42,fixed,2,28,26,0,0,400,False,source_switch
42,fixed,2,29,27,0,0,400,False,source_switch
42,periodic,2,2,0,0,0,400,False,source_switch
42,periodic,2,3,1,0,0,400,False,source_switch
42,periodic,2,4,2,0,0,400,False,source_switch
42,periodic,2,5,3,0,0,400,False,source_switch
42,periodic,2,6,4,0,1,400,False,source_switch
42,periodic,2,7,5,0,1,400,False,source_switch
42,periodic,2,8,6,1,1,400,False,source_switch
42,periodic,2,9,7,1,1,400,False,source_switch
42,periodic,2,10,8,1,2,400,False,source_switch
42,periodic,2,11,9,1,2,400,False,source_switch
42,periodic,2,12,10,2,2,400,False,source_switch
42,periodic,2,13,11,2,2,400,False,source_switch
42,periodic,2,14,12,2,3,400,False,source_switch
42,periodic,2,15,13,2,3,400,False,source_switch
42,periodic,2,16,14,3,3,400,False,source_switch
42,periodic,2,17,15,3,3,400,False,source_switch
42,periodic,2,18,16,3,4,400,False,source_switch
42,periodic,2,19,17,3,4,400,False,source_switch
42,periodic,2,20,18,4,4,400,False,source_switch
42,periodic,2,21,19,4,4,400,False,source_switch
42,periodic,2,22,20,4,5,400,False,source_switch
42,periodic,2,23,21,4,5,400,False,source_switch
42,periodic,2,24,22,5,5,400,False,source_switch
42,periodic,2,25,23,5,5,400,False,source_switch
42,periodic,2,26,24,5,6,400,False,source_switch
42,periodic,2,27,25,5,6,400,False,source_switch
42,periodic,2,28,26,6,6,400,False,source_switch
42,periodic,2,29,27,6,6,400,False,source_switch
42,drift,2,2,0,0,0,400,True,source_switch
42,drift,2,3,1,0,0,400,True,source_switch
42,drift,2,4,2,0,0,400,True,source_switch
42,drift,2,5,3,0,0,400,True,source_switch
42,drift,2,6,4,0,0,400,True,source_switch
42,drift,2,7,5,0,0,400,True,source_switch
42,drift,2,8,6,0,0,400,True,source_switch
42,drift,2,9,7,0,0,400,True,source_switch
42,drift,2,10,8,0,0,400,True,source_switch
42,drift,2,11,9,0,0,400,True,source_switch
42,drift,2,12,10,0,0,400,True,source_switch
42,drift,2,13,11,0,0,400,True,source_switch
42,drift,2,14,12,0,0,400,True,source_switch
42,drift,2,15,13,0,0,400,True,source_switch
42,drift,2,16,14,0,0,400,True,source_switch
42,drift,2,17,15,0,0,400,True,source_switch
42,drift,2,18,16,0,1,400,False,source_switch
42,drift,2,19,17,0,1,400,False,source_switch
42,drift,2,20,18,1,1,400,True,source_switch
42,drift,2,21,19,1,1,400,True,source_switch
42,drift,2,22,20,1,1,400,True,source_switch
42,drift,2,23,21,1,1,400,True,source_switch
42,drift,2,24,22,1,1,400,True,source_switch
42,drift,2,25,23,1,1,400,True,source_switch
42,drift,2,26,24,1,1,400,True,source_switch
42,drift,2,27,25,1,1,400,True,source_switch
42,drift,2,28,26,1,1,400,True,source_switch
42,drift,2,29,27,1,1,400,True,source_switch
42,threshold,2,2,0,0,0,400,False,source_switch
42,threshold,2,3,1,0,0,400,False,source_switch
42,threshold,2,4,2,0,0,400,False,source_switch
42,threshold,2,5,3,0,0,400,False,source_switch
42,threshold,2,6,4,0,0,400,False,source_switch
42,threshold,2,7,5,0,0,400,False,source_switch
42,threshold,2,8,6,0,0,400,False,source_switch
42,threshold,2,9,7,0,0,400,False,source_switch
42,threshold,2,10,8,0,0,400,False,source_switch
42,threshold,2,11,9,0,0,400,False,source_switch
42,threshold,2,12,10,0,0,400,False,source_switch
42,threshold,2,13,11,0,0,400,False,source_switch
42,threshold,2,14,12,0,0,400,False,source_switch
42,threshold,2,15,13,0,0,400,False,source_switch
42,threshold,2,16,14,0,0,400,False,source_switch
42,threshold,2,17,15,0,0,400,False,source_switch
42,threshold,2,18,16,0,0,400,False,source_switch
42,threshold,2,19,17,0,0,400,False,source_switch
42,threshold,2,20,18,0,0,400,False,source_switch
42,threshold,2,21,19,0,0,400,False,source_switch
42,threshold,2,22,20,0,0,400,False,source_switch
42,threshold,2,23,21,0,0,400,False,source_switch
42,threshold,2,24,22,0,0,400,False,source_switch
42,threshold,2,25,23,0,0,400,False,source_switch
42,threshold,2,26,24,0,0,400,False,source_switch
42,threshold,2,27,25,0,0,400,False,source_switch
42,threshold,2,28,26,0,0,400,False,source_switch
42,threshold,2,29,27,0,0,400,False,source_switch
73,fixed,0,0,0,0,0,400,False,source_switch
73,fixed,0,1,1,0,0,400,False,source_switch
73,fixed,0,2,2,0,0,400,False,source_switch
73,fixed,0,3,3,0,0,400,False,source_switch
73,fixed,0,4,4,0,0,400,False,source_switch
73,fixed,0,5,5,0,0,400,False,source_switch
73,fixed,0,6,6,0,0,400,False,source_switch
73,fixed,0,7,7,0,0,400,False,source_switch
73,fixed,0,8,8,0,0,400,False,source_switch
73,fixed,0,9,9,0,0,400,False,source_switch
73,fixed,0,10,10,0,0,400,False,source_switch
73,fixed,0,11,11,0,0,400,False,source_switch
73,fixed,0,12,12,0,0,400,False,source_switch
73,fixed,0,13,13,0,0,400,False,source_switch
73,fixed,0,14,14,0,0,400,False,source_switch
73,fixed,0,15,15,0,0,400,False,source_switch
73,fixed,0,16,16,0,0,400,False,source_switch
73,fixed,0,17,17,0,0,400,False,source_switch
73,fixed,0,18,18,0,0,400,False,source_switch
73,fixed,0,19,19,0,0,400,False,source_switch
73,fixed,0,20,20,0,0,400,False,source_switch
73,fixed,0,21,21,0,0,400,False,source_switch
73,fixed,0,22,22,0,0,400,False,source_switch
73,fixed,0,23,23,0,0,400,False,source_switch
73,fixed,0,24,24,0,0,400,False,source_switch
73,fixed,0,25,25,0,0,400,False,source_switch
73,fixed,0,26,26,0,0,400,False,source_switch
73,fixed,0,27,27,0,0,400,False,source_switch
73,fixed,0,28,28,0,0,400,False,source_switch
73,fixed,0,29,29,0,0,400,False,source_switch
73,periodic,0,0,0,0,0,400,False,source_switch
73,periodic,0,1,1,0,0,400,False,source_switch
73,periodic,0,2,2,0,0,400,False,source_switch
73,periodic,0,3,3,0,0,400,False,source_switch
73,periodic,0,4,4,1,1,400,False,source_switch
73,periodic,0,5,5,1,1,400,False,source_switch
73,periodic,0,6,6,1,1,400,False,source_switch
73,periodic,0,7,7,1,1,400,False,source_switch
73,periodic,0,8,8,2,2,400,False,source_switch
73,periodic,0,9,9,2,2,400,False,source_switch
73,periodic,0,10,10,2,2,400,False,source_switch
73,periodic,0,11,11,2,2,400,False,source_switch
73,periodic,0,12,12,3,3,400,False,source_switch
73,periodic,0,13,13,3,3,400,False,source_switch
73,periodic,0,14,14,3,3,400,False,source_switch
73,periodic,0,15,15,3,3,400,False,source_switch
73,periodic,0,16,16,4,4,400,False,source_switch
73,periodic,0,17,17,4,4,400,False,source_switch
73,periodic,0,18,18,4,4,400,False,source_switch
73,periodic,0,19,19,4,4,400,False,source_switch
73,periodic,0,20,20,5,5,400,False,source_switch
73,periodic,0,21,21,5,5,400,False,source_switch
73,periodic,0,22,22,5,5,400,False,source_switch
73,periodic,0,23,23,5,5,400,False,source_switch
73,periodic,0,24,24,6,6,400,False,source_switch
73,periodic,0,25,25,6,6,400,False,source_switch
73,periodic,0,26,26,6,6,400,False,source_switch
73,periodic,0,27,27,6,6,400,False,source_switch
73,periodic,0,28,28,7,7,400,False,source_switch
73,periodic,0,29,29,7,7,400,False,source_switch
73,drift,0,0,0,0,0,400,True,source_switch
73,drift,0,1,1,0,0,400,True,source_switch
73,drift,0,2,2,0,0,400,True,source_switch
73,drift,0,3,3,0,0,400,True,source_switch
73,drift,0,4,4,0,0,400,True,source_switch
73,drift,0,5,5,0,0,400,True,source_switch
73,drift,0,6,6,0,0,400,True,source_switch
73,drift,0,7,7,0,0,400,True,source_switch
73,drift,0,8,8,0,0,400,True,source_switch
73,drift,0,9,9,0,0,400,True,source_switch
73,drift,0,10,10,0,0,400,True,source_switch
73,drift,0,11,11,0,0,400,True,source_switch
73,drift,0,12,12,0,0,400,True,source_switch
73,drift,0,13,13,0,0,400,True,source_switch
73,drift,0,14,14,0,0,400,True,source_switch
73,drift,0,15,15,0,0,400,True,source_switch
73,drift,0,16,16,0,0,400,True,source_switch
73,drift,0,17,17,0,0,400,True,source_switch
73,drift,0,18,18,1,1,400,True,source_switch
73,drift,0,19,19,1,1,400,True,source_switch
73,drift,0,20,20,1,1,400,True,source_switch
73,drift,0,21,21,1,1,400,True,source_switch
73,drift,0,22,22,1,1,400,True,source_switch
73,drift,0,23,23,1,1,400,True,source_switch
73,drift,0,24,24,1,1,400,True,source_switch
73,drift,0,25,25,1,1,400,True,source_switch
73,drift,0,26,26,1,1,400,True,source_switch
73,drift,0,27,27,1,1,400,True,source_switch
73,drift,0,28,28,1,1,400,True,source_switch
73,drift,0,29,29,1,1,400,True,source_switch
73,threshold,0,0,0,0,0,400,False,source_switch
73,threshold,0,1,1,0,0,400,False,source_switch
73,threshold,0,2,2,0,0,400,False,source_switch
73,threshold,0,3,3,0,0,400,False,source_switch
73,threshold,0,4,4,0,0,400,False,source_switch
73,threshold,0,5,5,0,0,400,False,source_switch
73,threshold,0,6,6,0,0,400,False,source_switch
73,threshold,0,7,7,0,0,400,False,source_switch
73,threshold,0,8,8,0,0,400,False,source_switch
73,threshold,0,9,9,0,0,400,False,source_switch
73,threshold,0,10,10,0,0,400,False,source_switch
73,threshold,0,11,11,0,0,400,False,source_switch
73,threshold,0,12,12,0,0,400,False,source_switch
73,threshold,0,13,13,0,0,400,False,source_switch
73,threshold,0,14,14,0,0,400,False,source_switch
73,threshold,0,15,15,0,0,400,False,source_switch
73,threshold,0,16,16,0,0,400,False,source_switch
73,threshold,0,17,17,0,0,400,False,source_switch
73,threshold,0,18,18,0,0,400,False,source_switch
73,threshold,0,19,19,0,0,400,False,source_switch
73,threshold,0,20,20,0,0,400,False,source_switch
73,threshold,0,21,21,0,0,400,False,source_switch
73,threshold,0,22,22,0,0,400,False,source_switch
73,threshold,0,23,23,0,0,400,False,source_switch
73,threshold,0,24,24,0,0,400,False,source_switch
73,threshold,0,25,25,0,0,400,False,source_switch
73,threshold,0,26,26,0,0,400,False,source_switch
73,threshold,0,27,27,0,0,400,False,source_switch
73,threshold,0,28,28,0,0,400,False,source_switch
73,threshold,0,29,29,0,0,400,False,source_switch
73,fixed,2,2,0,0,0,400,False,source_switch
73,fixed,2,3,1,0,0,400,False,source_switch
73,fixed,2,4,2,0,0,400,False,source_switch
73,fixed,2,5,3,0,0,400,False,source_switch
73,fixed,2,6,4,0,0,400,False,source_switch
73,fixed,2,7,5,0,0,400,False,source_switch
73,fixed,2,8,6,0,0,400,False,source_switch
73,fixed,2,9,7,0,0,400,False,source_switch
73,fixed,2,10,8,0,0,400,False,source_switch
73,fixed,2,11,9,0,0,400,False,source_switch
73,fixed,2,12,10,0,0,400,False,source_switch
73,fixed,2,13,11,0,0,400,False,source_switch
73,fixed,2,14,12,0,0,400,False,source_switch
73,fixed,2,15,13,0,0,400,False,source_switch
73,fixed,2,16,14,0,0,400,False,source_switch
73,fixed,2,17,15,0,0,400,False,source_switch
73,fixed,2,18,16,0,0,400,False,source_switch
73,fixed,2,19,17,0,0,400,False,source_switch
73,fixed,2,20,18,0,0,400,False,source_switch
73,fixed,2,21,19,0,0,400,False,source_switch
73,fixed,2,22,20,0,0,400,False,source_switch
73,fixed,2,23,21,0,0,400,False,source_switch
73,fixed,2,24,22,0,0,400,False,source_switch
73,fixed,2,25,23,0,0,400,False,source_switch
73,fixed,2,26,24,0,0,400,False,source_switch
73,fixed,2,27,25,0,0,400,False,source_switch
73,fixed,2,28,26,0,0,400,False,source_switch
73,fixed,2,29,27,0,0,400,False,source_switch
73,periodic,2,2,0,0,0,400,False,source_switch
73,periodic,2,3,1,0,0,400,False,source_switch
73,periodic,2,4,2,0,0,400,False,source_switch
73,periodic,2,5,3,0,0,400,False,source_switch
73,periodic,2,6,4,0,1,400,False,source_switch
73,periodic,2,7,5,0,1,400,False,source_switch
73,periodic,2,8,6,1,1,400,False,source_switch
73,periodic,2,9,7,1,1,400,False,source_switch
73,periodic,2,10,8,1,2,400,False,source_switch
73,periodic,2,11,9,1,2,400,False,source_switch
73,periodic,2,12,10,2,2,400,False,source_switch
73,periodic,2,13,11,2,2,400,False,source_switch
73,periodic,2,14,12,2,3,400,False,source_switch
73,periodic,2,15,13,2,3,400,False,source_switch
73,periodic,2,16,14,3,3,400,False,source_switch
73,periodic,2,17,15,3,3,400,False,source_switch
73,periodic,2,18,16,3,4,400,False,source_switch
73,periodic,2,19,17,3,4,400,False,source_switch
73,periodic,2,20,18,4,4,400,False,source_switch
73,periodic,2,21,19,4,4,400,False,source_switch
73,periodic,2,22,20,4,5,400,False,source_switch
73,periodic,2,23,21,4,5,400,False,source_switch
73,periodic,2,24,22,5,5,400,False,source_switch
73,periodic,2,25,23,5,5,400,False,source_switch
73,periodic,2,26,24,5,6,400,False,source_switch
73,periodic,2,27,25,5,6,400,False,source_switch
73,periodic,2,28,26,6,6,400,False,source_switch
73,periodic,2,29,27,6,6,400,False,source_switch
73,drift,2,2,0,0,0,400,True,source_switch
73,drift,2,3,1,0,0,400,True,source_switch
73,drift,2,4,2,0,0,400,True,source_switch
73,drift,2,5,3,0,0,400,True,source_switch
73,drift,2,6,4,0,0,400,True,source_switch
73,drift,2,7,5,0,0,400,True,source_switch
73,drift,2,8,6,0,0,400,True,source_switch
73,drift,2,9,7,0,0,400,True,source_switch
73,drift,2,10,8,0,0,400,True,source_switch
73,drift,2,11,9,0,0,400,True,source_switch
73,drift,2,12,10,0,0,400,True,source_switch
73,drift,2,13,11,0,0,400,True,source_switch
73,drift,2,14,12,0,0,400,True,source_switch
73,drift,2,15,13,0,0,400,True,source_switch
73,drift,2,16,14,0,0,400,True,source_switch
73,drift,2,17,15,0,0,400,True,source_switch
73,drift,2,18,16,0,0,400,True,source_switch
73,drift,2,19,17,0,0,400,True,source_switch
73,drift,2,20,18,0,1,400,False,source_switch
73,drift,2,21,19,0,1,400,False,source_switch
73,drift,2,22,20,1,1,400,True,source_switch
73,drift,2,23,21,1,1,400,True,source_switch
73,drift,2,24,22,1,1,400,True,source_switch
73,drift,2,25,23,1,1,400,True,source_switch
73,drift,2,26,24,1,1,400,True,source_switch
73,drift,2,27,25,1,1,400,True,source_switch
73,drift,2,28,26,1,1,400,True,source_switch
73,drift,2,29,27,1,1,400,True,source_switch
73,threshold,2,2,0,0,0,400,False,source_switch
73,threshold,2,3,1,0,0,400,False,source_switch
73,threshold,2,4,2,0,0,400,False,source_switch
73,threshold,2,5,3,0,0,400,False,source_switch
73,threshold,2,6,4,0,0,400,False,source_switch
73,threshold,2,7,5,0,0,400,False,source_switch
73,threshold,2,8,6,0,0,400,False,source_switch
73,threshold,2,9,7,0,0,400,False,source_switch
73,threshold,2,10,8,0,0,400,False,source_switch
73,threshold,2,11,9,0,0,400,False,source_switch
73,threshold,2,12,10,0,0,400,False,source_switch
73,threshold,2,13,11,0,0,400,False,source_switch
73,threshold,2,14,12,0,0,400,False,source_switch
73,threshold,2,15,13,0,0,400,False,source_switch
73,threshold,2,16,14,0,0,400,False,source_switch
73,threshold,2,17,15,0,0,400,False,source_switch
73,threshold,2,18,16,0,0,400,False,source_switch
73,threshold,2,19,17,0,0,400,False,source_switch
73,threshold,2,20,18,0,0,400,False,source_switch
73,threshold,2,21,19,0,0,400,False,source_switch
73,threshold,2,22,20,0,0,400,False,source_switch
73,threshold,2,23,21,0,0,400,False,source_switch
73,threshold,2,24,22,0,0,400,False,source_switch
73,threshold,2,25,23,0,0,400,False,source_switch
73,threshold,2,26,24,0,0,400,False,source_switch
73,threshold,2,27,25,0,0,400,False,source_switch
73,threshold,2,28,26,0,0,400,False,source_switch
73,threshold,2,29,27,0,0,400,False,source_switch
17,fixed,0,0,0,0,0,400,False,stationary_mixture
17,fixed,0,1,1,0,0,400,False,stationary_mixture
17,fixed,0,2,2,0,0,400,False,stationary_mixture
17,fixed,0,3,3,0,0,400,False,stationary_mixture
17,fixed,0,4,4,0,0,400,False,stationary_mixture
17,fixed,0,5,5,0,0,400,False,stationary_mixture
17,fixed,0,6,6,0,0,400,False,stationary_mixture
17,fixed,0,7,7,0,0,400,False,stationary_mixture
17,fixed,0,8,8,0,0,400,False,stationary_mixture
17,fixed,0,9,9,0,0,400,False,stationary_mixture
17,fixed,0,10,10,0,0,400,False,stationary_mixture
17,fixed,0,11,11,0,0,400,False,stationary_mixture
17,fixed,0,12,12,0,0,400,False,stationary_mixture
17,fixed,0,13,13,0,0,400,False,stationary_mixture
17,fixed,0,14,14,0,0,400,False,stationary_mixture
17,fixed,0,15,15,0,0,400,False,stationary_mixture
17,fixed,0,16,16,0,0,400,False,stationary_mixture
17,fixed,0,17,17,0,0,400,False,stationary_mixture
17,fixed,0,18,18,0,0,400,False,stationary_mixture
17,fixed,0,19,19,0,0,400,False,stationary_mixture
17,fixed,0,20,20,0,0,400,False,stationary_mixture
17,fixed,0,21,21,0,0,400,False,stationary_mixture
17,fixed,0,22,22,0,0,400,False,stationary_mixture
17,fixed,0,23,23,0,0,400,False,stationary_mixture
17,fixed,0,24,24,0,0,400,False,stationary_mixture
17,fixed,0,25,25,0,0,400,False,stationary_mixture
17,fixed,0,26,26,0,0,400,False,stationary_mixture
17,fixed,0,27,27,0,0,400,False,stationary_mixture
17,fixed,0,28,28,0,0,400,False,stationary_mixture
17,fixed,0,29,29,0,0,400,False,stationary_mixture
17,periodic,0,0,0,0,0,400,False,stationary_mixture
17,periodic,0,1,1,0,0,400,False,stationary_mixture
17,periodic,0,2,2,0,0,400,False,stationary_mixture
17,periodic,0,3,3,0,0,400,False,stationary_mixture
17,periodic,0,4,4,1,1,400,False,stationary_mixture
17,periodic,0,5,5,1,1,400,False,stationary_mixture
17,periodic,0,6,6,1,1,400,False,stationary_mixture
17,periodic,0,7,7,1,1,400,False,stationary_mixture
17,periodic,0,8,8,2,2,400,False,stationary_mixture
17,periodic,0,9,9,2,2,400,False,stationary_mixture
17,periodic,0,10,10,2,2,400,False,stationary_mixture
17,periodic,0,11,11,2,2,400,False,stationary_mixture
17,periodic,0,12,12,3,3,400,False,stationary_mixture
17,periodic,0,13,13,3,3,400,False,stationary_mixture
17,periodic,0,14,14,3,3,400,False,stationary_mixture
17,periodic,0,15,15,3,3,400,False,stationary_mixture
17,periodic,0,16,16,4,4,400,False,stationary_mixture
17,periodic,0,17,17,4,4,400,False,stationary_mixture
17,periodic,0,18,18,4,4,400,False,stationary_mixture
17,periodic,0,19,19,4,4,400,False,stationary_mixture
17,periodic,0,20,20,5,5,400,False,stationary_mixture
17,periodic,0,21,21,5,5,400,False,stationary_mixture
17,periodic,0,22,22,5,5,400,False,stationary_mixture
17,periodic,0,23,23,5,5,400,False,stationary_mixture
17,periodic,0,24,24,6,6,400,False,stationary_mixture
17,periodic,0,25,25,6,6,400,False,stationary_mixture
17,periodic,0,26,26,6,6,400,False,stationary_mixture
17,periodic,0,27,27,6,6,400,False,stationary_mixture
17,periodic,0,28,28,7,7,400,False,stationary_mixture
17,periodic,0,29,29,7,7,400,False,stationary_mixture
17,drift,0,0,0,0,0,400,True,stationary_mixture
17,drift,0,1,1,0,0,400,True,stationary_mixture
17,drift,0,2,2,0,0,400,True,stationary_mixture
17,drift,0,3,3,0,0,400,True,stationary_mixture
17,drift,0,4,4,0,0,400,True,stationary_mixture
17,drift,0,5,5,0,0,400,True,stationary_mixture
17,drift,0,6,6,0,0,400,True,stationary_mixture
17,drift,0,7,7,0,0,400,True,stationary_mixture
17,drift,0,8,8,0,0,400,True,stationary_mixture
17,drift,0,9,9,0,0,400,True,stationary_mixture
17,drift,0,10,10,0,0,400,True,stationary_mixture
17,drift,0,11,11,0,0,400,True,stationary_mixture
17,drift,0,12,12,0,0,400,True,stationary_mixture
17,drift,0,13,13,0,0,400,True,stationary_mixture
17,drift,0,14,14,0,0,400,True,stationary_mixture
17,drift,0,15,15,0,0,400,True,stationary_mixture
17,drift,0,16,16,0,0,400,True,stationary_mixture
17,drift,0,17,17,0,0,400,True,stationary_mixture
17,drift,0,18,18,0,0,400,True,stationary_mixture
17,drift,0,19,19,0,0,400,True,stationary_mixture
17,drift,0,20,20,0,0,400,True,stationary_mixture
17,drift,0,21,21,0,0,400,True,stationary_mixture
17,drift,0,22,22,0,0,400,True,stationary_mixture
17,drift,0,23,23,0,0,400,True,stationary_mixture
17,drift,0,24,24,0,0,400,True,stationary_mixture
17,drift,0,25,25,0,0,400,True,stationary_mixture
17,drift,0,26,26,0,0,400,True,stationary_mixture
17,drift,0,27,27,0,0,400,True,stationary_mixture
17,drift,0,28,28,0,0,400,True,stationary_mixture
17,drift,0,29,29,0,0,400,True,stationary_mixture
17,threshold,0,0,0,0,0,400,False,stationary_mixture
17,threshold,0,1,1,0,0,400,False,stationary_mixture
17,threshold,0,2,2,0,0,400,False,stationary_mixture
17,threshold,0,3,3,0,0,400,False,stationary_mixture
17,threshold,0,4,4,0,0,400,False,stationary_mixture
17,threshold,0,5,5,0,0,400,False,stationary_mixture
17,threshold,0,6,6,0,0,400,False,stationary_mixture
17,threshold,0,7,7,0,0,400,False,stationary_mixture
17,threshold,0,8,8,0,0,400,False,stationary_mixture
17,threshold,0,9,9,0,0,400,False,stationary_mixture
17,threshold,0,10,10,0,0,400,False,stationary_mixture
17,threshold,0,11,11,0,0,400,False,stationary_mixture
17,threshold,0,12,12,0,0,400,False,stationary_mixture
17,threshold,0,13,13,0,0,400,False,stationary_mixture
17,threshold,0,14,14,0,0,400,False,stationary_mixture
17,threshold,0,15,15,0,0,400,False,stationary_mixture
17,threshold,0,16,16,0,0,400,False,stationary_mixture
17,threshold,0,17,17,0,0,400,False,stationary_mixture
17,threshold,0,18,18,0,0,400,False,stationary_mixture
17,threshold,0,19,19,0,0,400,False,stationary_mixture
17,threshold,0,20,20,0,0,400,False,stationary_mixture
17,threshold,0,21,21,0,0,400,False,stationary_mixture
17,threshold,0,22,22,0,0,400,False,stationary_mixture
17,threshold,0,23,23,0,0,400,False,stationary_mixture
17,threshold,0,24,24,0,0,400,False,stationary_mixture
17,threshold,0,25,25,0,0,400,False,stationary_mixture
17,threshold,0,26,26,0,0,400,False,stationary_mixture
17,threshold,0,27,27,0,0,400,False,stationary_mixture
17,threshold,0,28,28,0,0,400,False,stationary_mixture
17,threshold,0,29,29,0,0,400,False,stationary_mixture
17,fixed,2,2,0,0,0,400,False,stationary_mixture
17,fixed,2,3,1,0,0,400,False,stationary_mixture
17,fixed,2,4,2,0,0,400,False,stationary_mixture
17,fixed,2,5,3,0,0,400,False,stationary_mixture
17,fixed,2,6,4,0,0,400,False,stationary_mixture
17,fixed,2,7,5,0,0,400,False,stationary_mixture
17,fixed,2,8,6,0,0,400,False,stationary_mixture
17,fixed,2,9,7,0,0,400,False,stationary_mixture
17,fixed,2,10,8,0,0,400,False,stationary_mixture
17,fixed,2,11,9,0,0,400,False,stationary_mixture
17,fixed,2,12,10,0,0,400,False,stationary_mixture
17,fixed,2,13,11,0,0,400,False,stationary_mixture
17,fixed,2,14,12,0,0,400,False,stationary_mixture
17,fixed,2,15,13,0,0,400,False,stationary_mixture
17,fixed,2,16,14,0,0,400,False,stationary_mixture
17,fixed,2,17,15,0,0,400,False,stationary_mixture
17,fixed,2,18,16,0,0,400,False,stationary_mixture
17,fixed,2,19,17,0,0,400,False,stationary_mixture
17,fixed,2,20,18,0,0,400,False,stationary_mixture
17,fixed,2,21,19,0,0,400,False,stationary_mixture
17,fixed,2,22,20,0,0,400,False,stationary_mixture
17,fixed,2,23,21,0,0,400,False,stationary_mixture
17,fixed,2,24,22,0,0,400,False,stationary_mixture
17,fixed,2,25,23,0,0,400,False,stationary_mixture
17,fixed,2,26,24,0,0,400,False,stationary_mixture
17,fixed,2,27,25,0,0,400,False,stationary_mixture
17,fixed,2,28,26,0,0,400,False,stationary_mixture
17,fixed,2,29,27,0,0,400,False,stationary_mixture
17,periodic,2,2,0,0,0,400,False,stationary_mixture
17,periodic,2,3,1,0,0,400,False,stationary_mixture
17,periodic,2,4,2,0,0,400,False,stationary_mixture
17,periodic,2,5,3,0,0,400,False,stationary_mixture
17,periodic,2,6,4,0,1,400,False,stationary_mixture
17,periodic,2,7,5,0,1,400,False,stationary_mixture
17,periodic,2,8,6,1,1,400,False,stationary_mixture
17,periodic,2,9,7,1,1,400,False,stationary_mixture
17,periodic,2,10,8,1,2,400,False,stationary_mixture
17,periodic,2,11,9,1,2,400,False,stationary_mixture
17,periodic,2,12,10,2,2,400,False,stationary_mixture
17,periodic,2,13,11,2,2,400,False,stationary_mixture
17,periodic,2,14,12,2,3,400,False,stationary_mixture
17,periodic,2,15,13,2,3,400,False,stationary_mixture
17,periodic,2,16,14,3,3,400,False,stationary_mixture
17,periodic,2,17,15,3,3,400,False,stationary_mixture
17,periodic,2,18,16,3,4,400,False,stationary_mixture
17,periodic,2,19,17,3,4,400,False,stationary_mixture
17,periodic,2,20,18,4,4,400,False,stationary_mixture
17,periodic,2,21,19,4,4,400,False,stationary_mixture
17,periodic,2,22,20,4,5,400,False,stationary_mixture
17,periodic,2,23,21,4,5,400,False,stationary_mixture
17,periodic,2,24,22,5,5,400,False,stationary_mixture
17,periodic,2,25,23,5,5,400,False,stationary_mixture
17,periodic,2,26,24,5,6,400,False,stationary_mixture
17,periodic,2,27,25,5,6,400,False,stationary_mixture
17,periodic,2,28,26,6,6,400,False,stationary_mixture
17,periodic,2,29,27,6,6,400,False,stationary_mixture
17,drift,2,2,0,0,0,400,True,stationary_mixture
17,drift,2,3,1,0,0,400,True,stationary_mixture
17,drift,2,4,2,0,0,400,True,stationary_mixture
17,drift,2,5,3,0,0,400,True,stationary_mixture
17,drift,2,6,4,0,0,400,True,stationary_mixture
17,drift,2,7,5,0,0,400,True,stationary_mixture
17,drift,2,8,6,0,0,400,True,stationary_mixture
17,drift,2,9,7,0,0,400,True,stationary_mixture
17,drift,2,10,8,0,0,400,True,stationary_mixture
17,drift,2,11,9,0,0,400,True,stationary_mixture
17,drift,2,12,10,0,0,400,True,stationary_mixture
17,drift,2,13,11,0,0,400,True,stationary_mixture
17,drift,2,14,12,0,0,400,True,stationary_mixture
17,drift,2,15,13,0,0,400,True,stationary_mixture
17,drift,2,16,14,0,0,400,True,stationary_mixture
17,drift,2,17,15,0,0,400,True,stationary_mixture
17,drift,2,18,16,0,0,400,True,stationary_mixture
17,drift,2,19,17,0,0,400,True,stationary_mixture
17,drift,2,20,18,0,0,400,True,stationary_mixture
17,drift,2,21,19,0,0,400,True,stationary_mixture
17,drift,2,22,20,0,0,400,True,stationary_mixture
17,drift,2,23,21,0,0,400,True,stationary_mixture
17,drift,2,24,22,0,0,400,True,stationary_mixture
17,drift,2,25,23,0,0,400,True,stationary_mixture
17,drift,2,26,24,0,0,400,True,stationary_mixture
17,drift,2,27,25,0,0,400,True,stationary_mixture
17,drift,2,28,26,0,0,400,True,stationary_mixture
17,drift,2,29,27,0,0,400,True,stationary_mixture
17,threshold,2,2,0,0,0,400,False,stationary_mixture
17,threshold,2,3,1,0,0,400,False,stationary_mixture
17,threshold,2,4,2,0,0,400,False,stationary_mixture
17,threshold,2,5,3,0,0,400,False,stationary_mixture
17,threshold,2,6,4,0,0,400,False,stationary_mixture
17,threshold,2,7,5,0,0,400,False,stationary_mixture
17,threshold,2,8,6,0,0,400,False,stationary_mixture
17,threshold,2,9,7,0,0,400,False,stationary_mixture
17,threshold,2,10,8,0,0,400,False,stationary_mixture
17,threshold,2,11,9,0,0,400,False,stationary_mixture
17,threshold,2,12,10,0,0,400,False,stationary_mixture
17,threshold,2,13,11,0,0,400,False,stationary_mixture
17,threshold,2,14,12,0,0,400,False,stationary_mixture
17,threshold,2,15,13,0,0,400,False,stationary_mixture
17,threshold,2,16,14,0,0,400,False,stationary_mixture
17,threshold,2,17,15,0,0,400,False,stationary_mixture
17,threshold,2,18,16,0,0,400,False,stationary_mixture
17,threshold,2,19,17,0,0,400,False,stationary_mixture
17,threshold,2,20,18,0,0,400,False,stationary_mixture
17,threshold,2,21,19,0,0,400,False,stationary_mixture
17,threshold,2,22,20,0,0,400,False,stationary_mixture
17,threshold,2,23,21,0,0,400,False,stationary_mixture
17,threshold,2,24,22,0,0,400,False,stationary_mixture
17,threshold,2,25,23,0,0,400,False,stationary_mixture
17,threshold,2,26,24,0,0,400,False,stationary_mixture
17,threshold,2,27,25,0,0,400,False,stationary_mixture
17,threshold,2,28,26,0,0,400,False,stationary_mixture
17,threshold,2,29,27,0,0,400,False,stationary_mixture
42,fixed,0,0,0,0,0,400,False,stationary_mixture
42,fixed,0,1,1,0,0,400,False,stationary_mixture
42,fixed,0,2,2,0,0,400,False,stationary_mixture
42,fixed,0,3,3,0,0,400,False,stationary_mixture
42,fixed,0,4,4,0,0,400,False,stationary_mixture
42,fixed,0,5,5,0,0,400,False,stationary_mixture
42,fixed,0,6,6,0,0,400,False,stationary_mixture
42,fixed,0,7,7,0,0,400,False,stationary_mixture
42,fixed,0,8,8,0,0,400,False,stationary_mixture
42,fixed,0,9,9,0,0,400,False,stationary_mixture
42,fixed,0,10,10,0,0,400,False,stationary_mixture
42,fixed,0,11,11,0,0,400,False,stationary_mixture
42,fixed,0,12,12,0,0,400,False,stationary_mixture
42,fixed,0,13,13,0,0,400,False,stationary_mixture
42,fixed,0,14,14,0,0,400,False,stationary_mixture
42,fixed,0,15,15,0,0,400,False,stationary_mixture
42,fixed,0,16,16,0,0,400,False,stationary_mixture
42,fixed,0,17,17,0,0,400,False,stationary_mixture
42,fixed,0,18,18,0,0,400,False,stationary_mixture
42,fixed,0,19,19,0,0,400,False,stationary_mixture
42,fixed,0,20,20,0,0,400,False,stationary_mixture
42,fixed,0,21,21,0,0,400,False,stationary_mixture
42,fixed,0,22,22,0,0,400,False,stationary_mixture
42,fixed,0,23,23,0,0,400,False,stationary_mixture
42,fixed,0,24,24,0,0,400,False,stationary_mixture
42,fixed,0,25,25,0,0,400,False,stationary_mixture
42,fixed,0,26,26,0,0,400,False,stationary_mixture
42,fixed,0,27,27,0,0,400,False,stationary_mixture
42,fixed,0,28,28,0,0,400,False,stationary_mixture
42,fixed,0,29,29,0,0,400,False,stationary_mixture
42,periodic,0,0,0,0,0,400,False,stationary_mixture
42,periodic,0,1,1,0,0,400,False,stationary_mixture
42,periodic,0,2,2,0,0,400,False,stationary_mixture
42,periodic,0,3,3,0,0,400,False,stationary_mixture
42,periodic,0,4,4,1,1,400,False,stationary_mixture
42,periodic,0,5,5,1,1,400,False,stationary_mixture
42,periodic,0,6,6,1,1,400,False,stationary_mixture
42,periodic,0,7,7,1,1,400,False,stationary_mixture
42,periodic,0,8,8,2,2,400,False,stationary_mixture
42,periodic,0,9,9,2,2,400,False,stationary_mixture
42,periodic,0,10,10,2,2,400,False,stationary_mixture
42,periodic,0,11,11,2,2,400,False,stationary_mixture
42,periodic,0,12,12,3,3,400,False,stationary_mixture
42,periodic,0,13,13,3,3,400,False,stationary_mixture
42,periodic,0,14,14,3,3,400,False,stationary_mixture
42,periodic,0,15,15,3,3,400,False,stationary_mixture
42,periodic,0,16,16,4,4,400,False,stationary_mixture
42,periodic,0,17,17,4,4,400,False,stationary_mixture
42,periodic,0,18,18,4,4,400,False,stationary_mixture
42,periodic,0,19,19,4,4,400,False,stationary_mixture
42,periodic,0,20,20,5,5,400,False,stationary_mixture
42,periodic,0,21,21,5,5,400,False,stationary_mixture
42,periodic,0,22,22,5,5,400,False,stationary_mixture
42,periodic,0,23,23,5,5,400,False,stationary_mixture
42,periodic,0,24,24,6,6,400,False,stationary_mixture
42,periodic,0,25,25,6,6,400,False,stationary_mixture
42,periodic,0,26,26,6,6,400,False,stationary_mixture
42,periodic,0,27,27,6,6,400,False,stationary_mixture
42,periodic,0,28,28,7,7,400,False,stationary_mixture
42,periodic,0,29,29,7,7,400,False,stationary_mixture
42,drift,0,0,0,0,0,400,True,stationary_mixture
42,drift,0,1,1,0,0,400,True,stationary_mixture
42,drift,0,2,2,0,0,400,True,stationary_mixture
42,drift,0,3,3,0,0,400,True,stationary_mixture
42,drift,0,4,4,0,0,400,True,stationary_mixture
42,drift,0,5,5,0,0,400,True,stationary_mixture
42,drift,0,6,6,0,0,400,True,stationary_mixture
42,drift,0,7,7,0,0,400,True,stationary_mixture
42,drift,0,8,8,0,0,400,True,stationary_mixture
42,drift,0,9,9,0,0,400,True,stationary_mixture
42,drift,0,10,10,0,0,400,True,stationary_mixture
42,drift,0,11,11,0,0,400,True,stationary_mixture
42,drift,0,12,12,0,0,400,True,stationary_mixture
42,drift,0,13,13,0,0,400,True,stationary_mixture
42,drift,0,14,14,0,0,400,True,stationary_mixture
42,drift,0,15,15,0,0,400,True,stationary_mixture
42,drift,0,16,16,0,0,400,True,stationary_mixture
42,drift,0,17,17,0,0,400,True,stationary_mixture
42,drift,0,18,18,0,0,400,True,stationary_mixture
42,drift,0,19,19,0,0,400,True,stationary_mixture
42,drift,0,20,20,0,0,400,True,stationary_mixture
42,drift,0,21,21,0,0,400,True,stationary_mixture
42,drift,0,22,22,0,0,400,True,stationary_mixture
42,drift,0,23,23,0,0,400,True,stationary_mixture
42,drift,0,24,24,0,0,400,True,stationary_mixture
42,drift,0,25,25,0,0,400,True,stationary_mixture
42,drift,0,26,26,0,0,400,True,stationary_mixture
42,drift,0,27,27,0,0,400,True,stationary_mixture
42,drift,0,28,28,0,0,400,True,stationary_mixture
42,drift,0,29,29,0,0,400,True,stationary_mixture
42,threshold,0,0,0,0,0,400,False,stationary_mixture
42,threshold,0,1,1,0,0,400,False,stationary_mixture
42,threshold,0,2,2,0,0,400,False,stationary_mixture
42,threshold,0,3,3,0,0,400,False,stationary_mixture
42,threshold,0,4,4,0,0,400,False,stationary_mixture
42,threshold,0,5,5,0,0,400,False,stationary_mixture
42,threshold,0,6,6,0,0,400,False,stationary_mixture
42,threshold,0,7,7,0,0,400,False,stationary_mixture
42,threshold,0,8,8,0,0,400,False,stationary_mixture
42,threshold,0,9,9,0,0,400,False,stationary_mixture
42,threshold,0,10,10,0,0,400,False,stationary_mixture
42,threshold,0,11,11,0,0,400,False,stationary_mixture
42,threshold,0,12,12,0,0,400,False,stationary_mixture
42,threshold,0,13,13,0,0,400,False,stationary_mixture
42,threshold,0,14,14,0,0,400,False,stationary_mixture
42,threshold,0,15,15,0,0,400,False,stationary_mixture
42,threshold,0,16,16,0,0,400,False,stationary_mixture
42,threshold,0,17,17,0,0,400,False,stationary_mixture
42,threshold,0,18,18,0,0,400,False,stationary_mixture
42,threshold,0,19,19,0,0,400,False,stationary_mixture
42,threshold,0,20,20,0,0,400,False,stationary_mixture
42,threshold,0,21,21,0,0,400,False,stationary_mixture
42,threshold,0,22,22,0,0,400,False,stationary_mixture
42,threshold,0,23,23,0,0,400,False,stationary_mixture
42,threshold,0,24,24,0,0,400,False,stationary_mixture
42,threshold,0,25,25,0,0,400,False,stationary_mixture
42,threshold,0,26,26,0,0,400,False,stationary_mixture
42,threshold,0,27,27,0,0,400,False,stationary_mixture
42,threshold,0,28,28,0,0,400,False,stationary_mixture
42,threshold,0,29,29,0,0,400,False,stationary_mixture
42,fixed,2,2,0,0,0,400,False,stationary_mixture
42,fixed,2,3,1,0,0,400,False,stationary_mixture
42,fixed,2,4,2,0,0,400,False,stationary_mixture
42,fixed,2,5,3,0,0,400,False,stationary_mixture
42,fixed,2,6,4,0,0,400,False,stationary_mixture
42,fixed,2,7,5,0,0,400,False,stationary_mixture
42,fixed,2,8,6,0,0,400,False,stationary_mixture
42,fixed,2,9,7,0,0,400,False,stationary_mixture
42,fixed,2,10,8,0,0,400,False,stationary_mixture
42,fixed,2,11,9,0,0,400,False,stationary_mixture
42,fixed,2,12,10,0,0,400,False,stationary_mixture
42,fixed,2,13,11,0,0,400,False,stationary_mixture
42,fixed,2,14,12,0,0,400,False,stationary_mixture
42,fixed,2,15,13,0,0,400,False,stationary_mixture
42,fixed,2,16,14,0,0,400,False,stationary_mixture
42,fixed,2,17,15,0,0,400,False,stationary_mixture
42,fixed,2,18,16,0,0,400,False,stationary_mixture
42,fixed,2,19,17,0,0,400,False,stationary_mixture
42,fixed,2,20,18,0,0,400,False,stationary_mixture
42,fixed,2,21,19,0,0,400,False,stationary_mixture
42,fixed,2,22,20,0,0,400,False,stationary_mixture
42,fixed,2,23,21,0,0,400,False,stationary_mixture
42,fixed,2,24,22,0,0,400,False,stationary_mixture
42,fixed,2,25,23,0,0,400,False,stationary_mixture
42,fixed,2,26,24,0,0,400,False,stationary_mixture
42,fixed,2,27,25,0,0,400,False,stationary_mixture
42,fixed,2,28,26,0,0,400,False,stationary_mixture
42,fixed,2,29,27,0,0,400,False,stationary_mixture
42,periodic,2,2,0,0,0,400,False,stationary_mixture
42,periodic,2,3,1,0,0,400,False,stationary_mixture
42,periodic,2,4,2,0,0,400,False,stationary_mixture
42,periodic,2,5,3,0,0,400,False,stationary_mixture
42,periodic,2,6,4,0,1,400,False,stationary_mixture
42,periodic,2,7,5,0,1,400,False,stationary_mixture
42,periodic,2,8,6,1,1,400,False,stationary_mixture
42,periodic,2,9,7,1,1,400,False,stationary_mixture
42,periodic,2,10,8,1,2,400,False,stationary_mixture
42,periodic,2,11,9,1,2,400,False,stationary_mixture
42,periodic,2,12,10,2,2,400,False,stationary_mixture
42,periodic,2,13,11,2,2,400,False,stationary_mixture
42,periodic,2,14,12,2,3,400,False,stationary_mixture
42,periodic,2,15,13,2,3,400,False,stationary_mixture
42,periodic,2,16,14,3,3,400,False,stationary_mixture
42,periodic,2,17,15,3,3,400,False,stationary_mixture
42,periodic,2,18,16,3,4,400,False,stationary_mixture
42,periodic,2,19,17,3,4,400,False,stationary_mixture
42,periodic,2,20,18,4,4,400,False,stationary_mixture
42,periodic,2,21,19,4,4,400,False,stationary_mixture
42,periodic,2,22,20,4,5,400,False,stationary_mixture
42,periodic,2,23,21,4,5,400,False,stationary_mixture
42,periodic,2,24,22,5,5,400,False,stationary_mixture
42,periodic,2,25,23,5,5,400,False,stationary_mixture
42,periodic,2,26,24,5,6,400,False,stationary_mixture
42,periodic,2,27,25,5,6,400,False,stationary_mixture
42,periodic,2,28,26,6,6,400,False,stationary_mixture
42,periodic,2,29,27,6,6,400,False,stationary_mixture
42,drift,2,2,0,0,0,400,True,stationary_mixture
42,drift,2,3,1,0,0,400,True,stationary_mixture
42,drift,2,4,2,0,0,400,True,stationary_mixture
42,drift,2,5,3,0,0,400,True,stationary_mixture
42,drift,2,6,4,0,0,400,True,stationary_mixture
42,drift,2,7,5,0,0,400,True,stationary_mixture
42,drift,2,8,6,0,0,400,True,stationary_mixture
42,drift,2,9,7,0,0,400,True,stationary_mixture
42,drift,2,10,8,0,0,400,True,stationary_mixture
42,drift,2,11,9,0,0,400,True,stationary_mixture
42,drift,2,12,10,0,0,400,True,stationary_mixture
42,drift,2,13,11,0,0,400,True,stationary_mixture
42,drift,2,14,12,0,0,400,True,stationary_mixture
42,drift,2,15,13,0,0,400,True,stationary_mixture
42,drift,2,16,14,0,0,400,True,stationary_mixture
42,drift,2,17,15,0,0,400,True,stationary_mixture
42,drift,2,18,16,0,0,400,True,stationary_mixture
42,drift,2,19,17,0,0,400,True,stationary_mixture
42,drift,2,20,18,0,0,400,True,stationary_mixture
42,drift,2,21,19,0,0,400,True,stationary_mixture
42,drift,2,22,20,0,0,400,True,stationary_mixture
42,drift,2,23,21,0,0,400,True,stationary_mixture
42,drift,2,24,22,0,0,400,True,stationary_mixture
42,drift,2,25,23,0,0,400,True,stationary_mixture
42,drift,2,26,24,0,0,400,True,stationary_mixture
42,drift,2,27,25,0,0,400,True,stationary_mixture
42,drift,2,28,26,0,0,400,True,stationary_mixture
42,drift,2,29,27,0,0,400,True,stationary_mixture
42,threshold,2,2,0,0,0,400,False,stationary_mixture
42,threshold,2,3,1,0,0,400,False,stationary_mixture
42,threshold,2,4,2,0,0,400,False,stationary_mixture
42,threshold,2,5,3,0,0,400,False,stationary_mixture
42,threshold,2,6,4,0,0,400,False,stationary_mixture
42,threshold,2,7,5,0,0,400,False,stationary_mixture
42,threshold,2,8,6,0,0,400,False,stationary_mixture
42,threshold,2,9,7,0,0,400,False,stationary_mixture
42,threshold,2,10,8,0,0,400,False,stationary_mixture
42,threshold,2,11,9,0,0,400,False,stationary_mixture
42,threshold,2,12,10,0,0,400,False,stationary_mixture
42,threshold,2,13,11,0,0,400,False,stationary_mixture
42,threshold,2,14,12,0,0,400,False,stationary_mixture
42,threshold,2,15,13,0,0,400,False,stationary_mixture
42,threshold,2,16,14,0,0,400,False,stationary_mixture
42,threshold,2,17,15,0,0,400,False,stationary_mixture
42,threshold,2,18,16,0,0,400,False,stationary_mixture
42,threshold,2,19,17,0,0,400,False,stationary_mixture
42,threshold,2,20,18,0,0,400,False,stationary_mixture
42,threshold,2,21,19,0,0,400,False,stationary_mixture
42,threshold,2,22,20,0,0,400,False,stationary_mixture
42,threshold,2,23,21,0,0,400,False,stationary_mixture
42,threshold,2,24,22,0,0,400,False,stationary_mixture
42,threshold,2,25,23,0,0,400,False,stationary_mixture
42,threshold,2,26,24,0,0,400,False,stationary_mixture
42,threshold,2,27,25,0,0,400,False,stationary_mixture
42,threshold,2,28,26,0,0,400,False,stationary_mixture
42,threshold,2,29,27,0,0,400,False,stationary_mixture
73,fixed,0,0,0,0,0,400,False,stationary_mixture
73,fixed,0,1,1,0,0,400,False,stationary_mixture
73,fixed,0,2,2,0,0,400,False,stationary_mixture
73,fixed,0,3,3,0,0,400,False,stationary_mixture
73,fixed,0,4,4,0,0,400,False,stationary_mixture
73,fixed,0,5,5,0,0,400,False,stationary_mixture
73,fixed,0,6,6,0,0,400,False,stationary_mixture
73,fixed,0,7,7,0,0,400,False,stationary_mixture
73,fixed,0,8,8,0,0,400,False,stationary_mixture
73,fixed,0,9,9,0,0,400,False,stationary_mixture
73,fixed,0,10,10,0,0,400,False,stationary_mixture
73,fixed,0,11,11,0,0,400,False,stationary_mixture
73,fixed,0,12,12,0,0,400,False,stationary_mixture
73,fixed,0,13,13,0,0,400,False,stationary_mixture
73,fixed,0,14,14,0,0,400,False,stationary_mixture
73,fixed,0,15,15,0,0,400,False,stationary_mixture
73,fixed,0,16,16,0,0,400,False,stationary_mixture
73,fixed,0,17,17,0,0,400,False,stationary_mixture
73,fixed,0,18,18,0,0,400,False,stationary_mixture
73,fixed,0,19,19,0,0,400,False,stationary_mixture
73,fixed,0,20,20,0,0,400,False,stationary_mixture
73,fixed,0,21,21,0,0,400,False,stationary_mixture
73,fixed,0,22,22,0,0,400,False,stationary_mixture
73,fixed,0,23,23,0,0,400,False,stationary_mixture
73,fixed,0,24,24,0,0,400,False,stationary_mixture
73,fixed,0,25,25,0,0,400,False,stationary_mixture
73,fixed,0,26,26,0,0,400,False,stationary_mixture
73,fixed,0,27,27,0,0,400,False,stationary_mixture
73,fixed,0,28,28,0,0,400,False,stationary_mixture
73,fixed,0,29,29,0,0,400,False,stationary_mixture
73,periodic,0,0,0,0,0,400,False,stationary_mixture
73,periodic,0,1,1,0,0,400,False,stationary_mixture
73,periodic,0,2,2,0,0,400,False,stationary_mixture
73,periodic,0,3,3,0,0,400,False,stationary_mixture
73,periodic,0,4,4,1,1,400,False,stationary_mixture
73,periodic,0,5,5,1,1,400,False,stationary_mixture
73,periodic,0,6,6,1,1,400,False,stationary_mixture
73,periodic,0,7,7,1,1,400,False,stationary_mixture
73,periodic,0,8,8,2,2,400,False,stationary_mixture
73,periodic,0,9,9,2,2,400,False,stationary_mixture
73,periodic,0,10,10,2,2,400,False,stationary_mixture
73,periodic,0,11,11,2,2,400,False,stationary_mixture
73,periodic,0,12,12,3,3,400,False,stationary_mixture
73,periodic,0,13,13,3,3,400,False,stationary_mixture
73,periodic,0,14,14,3,3,400,False,stationary_mixture
73,periodic,0,15,15,3,3,400,False,stationary_mixture
73,periodic,0,16,16,4,4,400,False,stationary_mixture
73,periodic,0,17,17,4,4,400,False,stationary_mixture
73,periodic,0,18,18,4,4,400,False,stationary_mixture
73,periodic,0,19,19,4,4,400,False,stationary_mixture
73,periodic,0,20,20,5,5,400,False,stationary_mixture
73,periodic,0,21,21,5,5,400,False,stationary_mixture
73,periodic,0,22,22,5,5,400,False,stationary_mixture
73,periodic,0,23,23,5,5,400,False,stationary_mixture
73,periodic,0,24,24,6,6,400,False,stationary_mixture
73,periodic,0,25,25,6,6,400,False,stationary_mixture
73,periodic,0,26,26,6,6,400,False,stationary_mixture
73,periodic,0,27,27,6,6,400,False,stationary_mixture
73,periodic,0,28,28,7,7,400,False,stationary_mixture
73,periodic,0,29,29,7,7,400,False,stationary_mixture
73,drift,0,0,0,0,0,400,True,stationary_mixture
73,drift,0,1,1,0,0,400,True,stationary_mixture
73,drift,0,2,2,0,0,400,True,stationary_mixture
73,drift,0,3,3,0,0,400,True,stationary_mixture
73,drift,0,4,4,0,0,400,True,stationary_mixture
73,drift,0,5,5,0,0,400,True,stationary_mixture
73,drift,0,6,6,0,0,400,True,stationary_mixture
73,drift,0,7,7,0,0,400,True,stationary_mixture
73,drift,0,8,8,0,0,400,True,stationary_mixture
73,drift,0,9,9,0,0,400,True,stationary_mixture
73,drift,0,10,10,0,0,400,True,stationary_mixture
73,drift,0,11,11,0,0,400,True,stationary_mixture
73,drift,0,12,12,0,0,400,True,stationary_mixture
73,drift,0,13,13,0,0,400,True,stationary_mixture
73,drift,0,14,14,0,0,400,True,stationary_mixture
73,drift,0,15,15,0,0,400,True,stationary_mixture
73,drift,0,16,16,0,0,400,True,stationary_mixture
73,drift,0,17,17,0,0,400,True,stationary_mixture
73,drift,0,18,18,0,0,400,True,stationary_mixture
73,drift,0,19,19,0,0,400,True,stationary_mixture
73,drift,0,20,20,0,0,400,True,stationary_mixture
73,drift,0,21,21,0,0,400,True,stationary_mixture
73,drift,0,22,22,0,0,400,True,stationary_mixture
73,drift,0,23,23,0,0,400,True,stationary_mixture
73,drift,0,24,24,0,0,400,True,stationary_mixture
73,drift,0,25,25,0,0,400,True,stationary_mixture
73,drift,0,26,26,0,0,400,True,stationary_mixture
73,drift,0,27,27,0,0,400,True,stationary_mixture
73,drift,0,28,28,0,0,400,True,stationary_mixture
73,drift,0,29,29,0,0,400,True,stationary_mixture
73,threshold,0,0,0,0,0,400,False,stationary_mixture
73,threshold,0,1,1,0,0,400,False,stationary_mixture
73,threshold,0,2,2,0,0,400,False,stationary_mixture
73,threshold,0,3,3,0,0,400,False,stationary_mixture
73,threshold,0,4,4,0,0,400,False,stationary_mixture
73,threshold,0,5,5,0,0,400,False,stationary_mixture
73,threshold,0,6,6,0,0,400,False,stationary_mixture
73,threshold,0,7,7,0,0,400,False,stationary_mixture
73,threshold,0,8,8,0,0,400,False,stationary_mixture
73,threshold,0,9,9,0,0,400,False,stationary_mixture
73,threshold,0,10,10,0,0,400,False,stationary_mixture
73,threshold,0,11,11,0,0,400,False,stationary_mixture
73,threshold,0,12,12,0,0,400,False,stationary_mixture
73,threshold,0,13,13,0,0,400,False,stationary_mixture
73,threshold,0,14,14,0,0,400,False,stationary_mixture
73,threshold,0,15,15,0,0,400,False,stationary_mixture
73,threshold,0,16,16,0,0,400,False,stationary_mixture
73,threshold,0,17,17,0,0,400,False,stationary_mixture
73,threshold,0,18,18,0,0,400,False,stationary_mixture
73,threshold,0,19,19,0,0,400,False,stationary_mixture
73,threshold,0,20,20,0,0,400,False,stationary_mixture
73,threshold,0,21,21,0,0,400,False,stationary_mixture
73,threshold,0,22,22,0,0,400,False,stationary_mixture
73,threshold,0,23,23,0,0,400,False,stationary_mixture
73,threshold,0,24,24,0,0,400,False,stationary_mixture
73,threshold,0,25,25,0,0,400,False,stationary_mixture
73,threshold,0,26,26,0,0,400,False,stationary_mixture
73,threshold,0,27,27,0,0,400,False,stationary_mixture
73,threshold,0,28,28,0,0,400,False,stationary_mixture
73,threshold,0,29,29,0,0,400,False,stationary_mixture
73,fixed,2,2,0,0,0,400,False,stationary_mixture
73,fixed,2,3,1,0,0,400,False,stationary_mixture
73,fixed,2,4,2,0,0,400,False,stationary_mixture
73,fixed,2,5,3,0,0,400,False,stationary_mixture
73,fixed,2,6,4,0,0,400,False,stationary_mixture
73,fixed,2,7,5,0,0,400,False,stationary_mixture
73,fixed,2,8,6,0,0,400,False,stationary_mixture
73,fixed,2,9,7,0,0,400,False,stationary_mixture
73,fixed,2,10,8,0,0,400,False,stationary_mixture
73,fixed,2,11,9,0,0,400,False,stationary_mixture
73,fixed,2,12,10,0,0,400,False,stationary_mixture
73,fixed,2,13,11,0,0,400,False,stationary_mixture
73,fixed,2,14,12,0,0,400,False,stationary_mixture
73,fixed,2,15,13,0,0,400,False,stationary_mixture
73,fixed,2,16,14,0,0,400,False,stationary_mixture
73,fixed,2,17,15,0,0,400,False,stationary_mixture
73,fixed,2,18,16,0,0,400,False,stationary_mixture
73,fixed,2,19,17,0,0,400,False,stationary_mixture
73,fixed,2,20,18,0,0,400,False,stationary_mixture
73,fixed,2,21,19,0,0,400,False,stationary_mixture
73,fixed,2,22,20,0,0,400,False,stationary_mixture
73,fixed,2,23,21,0,0,400,False,stationary_mixture
73,fixed,2,24,22,0,0,400,False,stationary_mixture
73,fixed,2,25,23,0,0,400,False,stationary_mixture
73,fixed,2,26,24,0,0,400,False,stationary_mixture
73,fixed,2,27,25,0,0,400,False,stationary_mixture
73,fixed,2,28,26,0,0,400,False,stationary_mixture
73,fixed,2,29,27,0,0,400,False,stationary_mixture
73,periodic,2,2,0,0,0,400,False,stationary_mixture
73,periodic,2,3,1,0,0,400,False,stationary_mixture
73,periodic,2,4,2,0,0,400,False,stationary_mixture
73,periodic,2,5,3,0,0,400,False,stationary_mixture
73,periodic,2,6,4,0,1,400,False,stationary_mixture
73,periodic,2,7,5,0,1,400,False,stationary_mixture
73,periodic,2,8,6,1,1,400,False,stationary_mixture
73,periodic,2,9,7,1,1,400,False,stationary_mixture
73,periodic,2,10,8,1,2,400,False,stationary_mixture
73,periodic,2,11,9,1,2,400,False,stationary_mixture
73,periodic,2,12,10,2,2,400,False,stationary_mixture
73,periodic,2,13,11,2,2,400,False,stationary_mixture
73,periodic,2,14,12,2,3,400,False,stationary_mixture
73,periodic,2,15,13,2,3,400,False,stationary_mixture
73,periodic,2,16,14,3,3,400,False,stationary_mixture
73,periodic,2,17,15,3,3,400,False,stationary_mixture
73,periodic,2,18,16,3,4,400,False,stationary_mixture
73,periodic,2,19,17,3,4,400,False,stationary_mixture
73,periodic,2,20,18,4,4,400,False,stationary_mixture
73,periodic,2,21,19,4,4,400,False,stationary_mixture
73,periodic,2,22,20,4,5,400,False,stationary_mixture
73,periodic,2,23,21,4,5,400,False,stationary_mixture
73,periodic,2,24,22,5,5,400,False,stationary_mixture
73,periodic,2,25,23,5,5,400,False,stationary_mixture
73,periodic,2,26,24,5,6,400,False,stationary_mixture
73,periodic,2,27,25,5,6,400,False,stationary_mixture
73,periodic,2,28,26,6,6,400,False,stationary_mixture
73,periodic,2,29,27,6,6,400,False,stationary_mixture
73,drift,2,2,0,0,0,400,True,stationary_mixture
73,drift,2,3,1,0,0,400,True,stationary_mixture
73,drift,2,4,2,0,0,400,True,stationary_mixture
73,drift,2,5,3,0,0,400,True,stationary_mixture
73,drift,2,6,4,0,0,400,True,stationary_mixture
73,drift,2,7,5,0,0,400,True,stationary_mixture
73,drift,2,8,6,0,0,400,True,stationary_mixture
73,drift,2,9,7,0,0,400,True,stationary_mixture
73,drift,2,10,8,0,0,400,True,stationary_mixture
73,drift,2,11,9,0,0,400,True,stationary_mixture
73,drift,2,12,10,0,0,400,True,stationary_mixture
73,drift,2,13,11,0,0,400,True,stationary_mixture
73,drift,2,14,12,0,0,400,True,stationary_mixture
73,drift,2,15,13,0,0,400,True,stationary_mixture
73,drift,2,16,14,0,0,400,True,stationary_mixture
73,drift,2,17,15,0,0,400,True,stationary_mixture
73,drift,2,18,16,0,0,400,True,stationary_mixture
73,drift,2,19,17,0,0,400,True,stationary_mixture
73,drift,2,20,18,0,0,400,True,stationary_mixture
73,drift,2,21,19,0,0,400,True,stationary_mixture
73,drift,2,22,20,0,0,400,True,stationary_mixture
73,drift,2,23,21,0,0,400,True,stationary_mixture
73,drift,2,24,22,0,0,400,True,stationary_mixture
73,drift,2,25,23,0,0,400,True,stationary_mixture
73,drift,2,26,24,0,0,400,True,stationary_mixture
73,drift,2,27,25,0,0,400,True,stationary_mixture
73,drift,2,28,26,0,0,400,True,stationary_mixture
73,drift,2,29,27,0,0,400,True,stationary_mixture
73,threshold,2,2,0,0,0,400,False,stationary_mixture
73,threshold,2,3,1,0,0,400,False,stationary_mixture
73,threshold,2,4,2,0,0,400,False,stationary_mixture
73,threshold,2,5,3,0,0,400,False,stationary_mixture
73,threshold,2,6,4,0,0,400,False,stationary_mixture
73,threshold,2,7,5,0,0,400,False,stationary_mixture
73,threshold,2,8,6,0,0,400,False,stationary_mixture
73,threshold,2,9,7,0,0,400,False,stationary_mixture
73,threshold,2,10,8,0,0,400,False,stationary_mixture
73,threshold,2,11,9,0,0,400,False,stationary_mixture
73,threshold,2,12,10,0,0,400,False,stationary_mixture
73,threshold,2,13,11,0,0,400,False,stationary_mixture
73,threshold,2,14,12,0,0,400,False,stationary_mixture
73,threshold,2,15,13,0,0,400,False,stationary_mixture
73,threshold,2,16,14,0,0,400,False,stationary_mixture
73,threshold,2,17,15,0,0,400,False,stationary_mixture
73,threshold,2,18,16,0,0,400,False,stationary_mixture
73,threshold,2,19,17,0,0,400,False,stationary_mixture
73,threshold,2,20,18,0,0,400,False,stationary_mixture
73,threshold,2,21,19,0,0,400,False,stationary_mixture
73,threshold,2,22,20,0,0,400,False,stationary_mixture
73,threshold,2,23,21,0,0,400,False,stationary_mixture
73,threshold,2,24,22,0,0,400,False,stationary_mixture
73,threshold,2,25,23,0,0,400,False,stationary_mixture
73,threshold,2,26,24,0,0,400,False,stationary_mixture
73,threshold,2,27,25,0,0,400,False,stationary_mixture
73,threshold,2,28,26,0,0,400,False,stationary_mixture
73,threshold,2,29,27,0,0,400,False,stationary_mixture
