feature,mean_abs_contribution
html_anchor_count,0.9716586879485953
html_visible_text_length,0.48296217322251245
representation_length,0.46033954953841344
html_external_anchor_ratio,0.37193256294456406
host_entropy,0.3641369128581494
suffix_length,0.34462064389423774
html_element_count,0.32289291122665403
dots,0.22517911345681196
html_null_anchor_ratio,0.21716622146121434
digit_ratio,0.2064448311872247
path_entropy,0.1935057796715431
represented_host_length,0.1933747885909169
html_script_count,0.1883550128508461
host_longest_label,0.1868806921850514
html_iframe_count,0.15857427820681086
html_inline_script_ratio,0.1464469973284163
html_script_location_count,0.14634047139028614
html_title_length,0.13487047894218007
html_domain_in_title,0.11621752030695202
host_digit_ratio,0.10876913115004787
hyphens,0.10660108206554057
suspicious_token_count,0.10568972076893698
html_input_count,0.10517118040585613
host_word_count,0.0954986658146984
path_letter_ratio,0.0906693648603067
html_image_count,0.09028037685006396
host_hyphens,0.08289984606612948
entropy,0.07384701936272921
html_resource_count,0.06984006748944827
html_external_resource_ratio,0.06571797057274419
slashes,0.06149109427529714
special_ratio,0.0611567716004632
path_length,0.058214315031630465
html_hidden_element_ratio,0.05706311202650489
html_null_form_ratio,0.052105862244253724
html_event_attribute_count,0.05044131453702001
unique_char_ratio,0.04952805946647101
letter_ratio,0.046998393776637955
html_form_count,0.04691884841004226
path_longest_word,0.035078636049772426
host_longest_word,0.026783412987090117
longest_character_run,0.023504469990141125
subdomain_count,0.023262821056745125
path_digit_ratio,0.01399294775907018
path_word_count,0.00956176785112959
query_length,0.0085527193287618
underscores,0.007535756498502779
html_password_input_count,0.006477069419355892
html_external_stylesheet_count,0.003210210432296955
html_obfuscated_script_count,0.0027376672647804134
ats,0.0
percents,0.0
html_script_window_open_count,0.0
semicolon_count,0.0
path_extension_length,0.0
fragment_length,0.0
query_entropy,0.0
path_depth,0.0
query_parameters,0.0
host_is_ip,0.0
html_empty_title,0.0
html_base_count,0.0
html_meta_refresh_count,0.0
html_email_link_count,0.0
has_userinfo,0.0
has_punycode,0.0
colon_count,0.0
questions,0.0
equals,0.0
html_external_form_ratio,0.0
ampersands,0.0
explicit_port,0.0
