seed,policy,delay_batches,initial_fit_seconds,total_fit_seconds,threshold_updates,threshold_seconds,detector_seconds,stale_errors_ignored,simulation_seconds_including_initial_fit,predict_seconds,updates,detections,labels_revealed,n,phishing,accuracy,precision,recall,f1,average_precision,roc_auc,false_positive_rate,tn,fp,fn,tp,phase_A_f1,phase_A_recall,phase_A_false_positive_rate,phase_A_average_precision,phase_B_f1,phase_B_recall,phase_B_false_positive_rate,phase_B_average_precision,scenario
17,fixed,0,0.1393590000225231,0.1393590000225231,0,0.0,0.0,0,0.834417250007391,0.456539086997509,0,0,14000,12000,6000,0.71025,0.635426731078905,0.9865,0.7729676787463271,0.5636866375989613,0.6303385416666667,0.566,2604,3396,81,5919,0.995180258338153,0.9926923076923077,0.002307692307692308,0.9986616781549478,0.6591627172195893,0.981764705882353,0.9970588235294118,0.4524428363040694,source_switch
17,periodic,0,0.0956468329532072,0.9495334989624098,0,0.0,0.0,0,1.58079383301083,0.44210029719397426,7,0,14000,12000,6000,0.9146666666666666,0.8784606023729845,0.9625,0.9185621122952123,0.8583262636268681,0.9233769166666665,0.13316666666666666,5201,799,225,5775,0.9959514170040485,0.9934615384615385,0.0015384615384615385,0.9986960640684711,0.864220928658454,0.9388235294117647,0.2338235294117647,0.7483161724798721,source_switch
17,drift,0,0.09653199999593198,0.21619037503842264,0,0.0,0.0034971669083461165,0,0.8105894159525633,0.41834446182474494,1,1,14000,12000,6000,0.8775833333333334,0.8134772381347724,0.9798333333333333,0.8889392908444848,0.9210561442870785,0.952598236111111,0.22466666666666665,4652,1348,121,5879,0.995180258338153,0.9926923076923077,0.002307692307692308,0.9986616781549478,0.8203980099502488,0.97,0.3947058823529412,0.8479229285080648,source_switch
17,threshold,0,0.08939420897513628,0.08939420897513628,7,0.09941304207313806,0.0,0,0.771882708882913,0.41464075178373605,0,0,14000,12000,6000,0.71025,0.6352815013404826,0.9873333333333333,0.773115823817292,0.563686033027324,0.6303418194444445,0.5668333333333333,2599,3401,76,5924,0.995180258338153,0.9926923076923077,0.002307692307692308,0.9986616781549478,0.6594989149733675,0.9832352941176471,0.9985294117647059,0.45244253457670547,source_switch
17,fixed,2,0.0863115000538528,0.0863115000538528,0,0.0,0.0,0,0.669828417012468,0.4126406251452863,0,0,13200,12000,6000,0.71025,0.635426731078905,0.9865,0.7729676787463271,0.5636857955027328,0.6303374722222221,0.566,2604,3396,81,5919,0.995180258338153,0.9926923076923077,0.002307692307692308,0.9986616781549478,0.6591627172195893,0.981764705882353,0.9970588235294118,0.45244034230815733,source_switch
17,periodic,2,0.08708704193122685,0.7307634168537334,0,0.0,0.0,0,1.3145798749756068,0.4161217511864379,6,0,13200,12000,6000,0.8845,0.8307052752293578,0.9658333333333333,0.8931874229346486,0.7887524749050432,0.8772571111111112,0.19683333333333333,4819,1181,205,5795,0.9957561728395061,0.9926923076923077,0.001153846153846154,0.9986631445530114,0.8249486652977412,0.9452941176470588,0.34647058823529414,0.6595728628320079,source_switch
17,drift,2,0.08751520805526525,0.19801825005561113,0,0.0,0.0033231679117307067,800,0.8263391660293564,0.4226920864311978,1,1,13200,12000,6000,0.8575,0.7868414014442364,0.9806666666666667,0.8731265766434189,0.8398247211729983,0.9082560555555556,0.26566666666666666,4406,1594,116,5884,0.995180258338153,0.9926923076923077,0.002307692307692308,0.9986616781549478,0.7967675793028586,0.9714705882352941,0.46705882352941175,0.7292084099761713,source_switch
17,threshold,2,0.08710300002712756,0.08710300002712756,6,0.08951075188815594,0.0,0,0.7446286660851911,0.4020209180889651,0,0,13200,12000,6000,0.7094166666666667,0.6348610067618332,0.9858333333333333,0.7723444538747797,0.5636972347791529,0.6303546388888889,0.567,2598,3402,85,5915,0.9947986900404546,0.9930769230769231,0.0034615384615384616,0.9986617955583594,0.6583053525577721,0.9802941176470589,0.9979411764705882,0.45245102502092965,source_switch
42,fixed,0,0.08269883296452463,0.08269883296452463,0,0.0,0.0,0,0.6438508749706671,0.4058314166031778,0,0,14000,12000,6000,0.7436666666666667,0.6641958670260557,0.9856666666666667,0.7936124530327429,0.5990036191042438,0.6765748472222223,0.49833333333333335,3010,2990,86,5914,0.9953145917001339,0.9913333333333333,0.0006666666666666666,0.9991252852913168,0.6586021505376344,0.98,0.996,0.4606551059117794,source_switch
42,periodic,0,0.08640475000720471,0.8148814989253879,0,0.0,0.0,0,1.3879499580943957,0.41523624770343304,7,0,14000,12000,6000,0.9321666666666667,0.904398003742982,0.9665,0.9344183048662584,0.9275690918448006,0.9622313888888889,0.10216666666666667,5387,613,201,5799,0.9953161592505855,0.9916666666666667,0.001,0.9991762062255393,0.8778364936276034,0.9413333333333334,0.20333333333333334,0.8221343896471716,source_switch
42,drift,0,0.08643350005149841,0.18347166699822992,0,0.0,0.002728415885940194,0,0.7537507910747081,0.4110290453536436,1,1,14000,12000,6000,0.89075,0.8310038119440915,0.981,0.8997936253152946,0.9254409199787085,0.957517513888889,0.1995,4803,1197,114,5886,0.9953145917001339,0.9913333333333333,0.0006666666666666666,0.9991252853669714,0.8194737582664978,0.9706666666666667,0.3983333333333333,0.8242426654230945,source_switch
42,threshold,0,0.13151429092977196,0.13151429092977196,7,0.0980516680283472,0.0,0,0.7998301659245044,0.40975091827567667,0,0,14000,12000,6000,0.745,0.6646136618141097,0.9891666666666666,0.7950435365036839,0.5989980762155547,0.67656,0.49916666666666665,3005,2995,65,5935,0.9954857047316502,0.9923333333333333,0.0013333333333333333,0.9991252852913168,0.6610794502179015,0.986,0.997,0.4606457001854737,source_switch
42,fixed,2,0.08684145903680474,0.08684145903680474,0,0.0,0.0,0,0.668502209126018,0.41312162613030523,0,0,13200,12000,6000,0.7436666666666667,0.6641958670260557,0.9856666666666667,0.7936124530327429,0.5989990526002347,0.6765663472222222,0.49833333333333335,3010,2990,86,5914,0.9953145917001339,0.9913333333333333,0.0006666666666666666,0.9991252853669714,0.6586021505376344,0.98,0.996,0.4606487329247,source_switch
42,periodic,2,0.08688454097136855,0.7127517069457099,0,0.0,0.0,0,1.290883915964514,0.41093450249172747,6,0,13200,12000,6000,0.8998333333333334,0.8511416861826698,0.9691666666666666,0.9063279301745636,0.8328815245781996,0.9099355833333334,0.1695,4983,1017,185,5815,0.9954841946813848,0.992,0.001,0.9992072595962955,0.8285422442725814,0.9463333333333334,0.338,0.6721548183158844,source_switch
42,drift,2,0.08649279200471938,0.18409633403643966,0,0.0,0.0024557517608627677,800,0.7421163340331987,0.40037704491987824,1,1,13200,12000,6000,0.8676666666666667,0.799565453557849,0.9813333333333333,0.8811733014067644,0.8323794105831064,0.9066525138888889,0.246,4524,1476,112,5888,0.9953145917001339,0.9913333333333333,0.0006666666666666666,0.9991252852913168,0.7888467785598268,0.9713333333333334,0.49133333333333334,0.6764652711659344,source_switch
42,threshold,2,0.08469162497203797,0.08469162497203797,6,0.08660716796293855,0.0,0,0.7507864159997553,0.41357245680410415,0,0,13200,12000,6000,0.7446666666666667,0.6645002241147467,0.9883333333333333,0.7946931117662825,0.5989984584789276,0.6765618333333333,0.499,3006,2994,70,5930,0.9954841946813848,0.992,0.001,0.9991252853669714,0.6604807154835104,0.9846666666666667,0.997,0.4606514457092554,source_switch
73,fixed,0,0.08638270804658532,0.08638270804658532,0,0.0,0.0,0,0.740699875052087,0.44162229204084724,0,0,14000,12000,6000,0.7783333333333333,0.6958255159474672,0.989,0.8169052863436124,0.662240230782949,0.736747,0.43233333333333335,3406,2594,66,5934,0.9963132281374428,0.9935294117647059,0.0008823529411764706,0.999141470609872,0.6598683361301149,0.9830769230769231,0.9965384615384615,0.5003683296051498,source_switch
73,periodic,0,0.09632329200394452,0.9101204600883648,0,0.0,0.0,0,1.5273134999442846,0.41399379377253354,7,0,14000,12000,6000,0.9239166666666667,0.8850870552611658,0.9743333333333334,0.9275684252280841,0.8616557529000796,0.9235898055555556,0.1265,5241,759,154,5846,0.9963154016212233,0.9941176470588236,0.0014705882352941176,0.9990394429373715,0.8474226804123711,0.9484615384615385,0.29,0.6912874938013058,source_switch
73,drift,0,0.08556654199492186,0.18565129197668284,0,0.0,0.003028915962204337,0,0.7677268339321017,0.41070883662905544,1,1,14000,12000,6000,0.89575,0.836760743156999,0.9833333333333333,0.9041452762240442,0.9407756290446972,0.9627208611111111,0.19183333333333333,4849,1151,100,5900,0.9963132281374428,0.9935294117647059,0.0008823529411764706,0.999141467633229,0.8044657097288677,0.97,0.44153846153846155,0.8394827519245678,source_switch
73,threshold,0,0.07601154199801385,0.07601154199801385,7,0.10180083406157792,0.0,0,0.753973999992013,0.4114993358962238,0,0,14000,12000,6000,0.7789166666666667,0.6958455236980691,0.991,0.817600550017188,0.6622668941813641,0.7367780694444444,0.43316666666666664,3401,2599,54,5946,0.9961674528301887,0.9938235294117647,0.0014705882352941176,0.9991415263691044,0.6615126916634454,0.9873076923076923,0.9976923076923077,0.5004168018283361,source_switch
73,fixed,2,0.14729795802850276,0.14729795802850276,0,0.0,0.0,0,1.0686472079250962,0.5904007114004344,0,0,13200,12000,6000,0.7783333333333333,0.6958255159474672,0.989,0.8169052863436124,0.6623360334340743,0.7368786388888888,0.43233333333333335,3406,2594,66,5934,0.9963132281374428,0.9935294117647059,0.0008823529411764706,0.9991414428448916,0.6598683361301149,0.9830769230769231,0.9965384615384615,0.5005277223152158,source_switch
73,periodic,2,0.0981424159836024,0.9633641227846965,0,0.0,0.0,0,1.6306860819458961,0.44274400314316154,6,0,13200,12000,6000,0.8941666666666667,0.8379537010574449,0.9773333333333334,0.9022926604092938,0.7973119939099402,0.879599125,0.189,4866,1134,136,5864,0.9963143151997641,0.9938235294117647,0.001176470588235294,0.9990707978522347,0.7996781979082864,0.9557692307692308,0.4346153846153846,0.6074386675602305,source_switch
73,drift,2,0.09646333300042897,0.22185679094400257,0,0.0,0.003281791345216334,800,0.8515456239692867,0.4282137929694727,1,1,13200,12000,6000,0.876,0.809295311214697,0.9838333333333333,0.8880698059274861,0.8631768306160239,0.9192767777777777,0.23183333333333334,4609,1391,97,5903,0.9963132281374428,0.9935294117647059,0.0008823529411764706,0.999141470609872,0.7753723322585598,0.9711538461538461,0.5338461538461539,0.6986837767334879,source_switch
73,threshold,2,0.08799787505995482,0.08799787505995482,6,0.09896712598856539,0.0,0,0.8703217090805992,0.4968555810628459,0,0,13200,12000,6000,0.7784166666666666,0.6957234915055653,0.9896666666666667,0.817062263501892,0.6623429286731214,0.7368821527777778,0.43283333333333335,3403,2597,62,5938,0.9960194604157453,0.9935294117647059,0.0014705882352941176,0.9991415420450999,0.6604747162022704,0.9846153846153847,0.9969230769230769,0.5005046984421976,source_switch
17,fixed,0,0.09735583304427564,0.09735583304427564,0,0.0,0.0,0,0.6922345410566777,0.415167001192458,0,0,14000,12000,6000,0.9391666666666667,0.9504273504273504,0.9266666666666666,0.9383966244725739,0.9846427474718039,0.9834027361111111,0.04833333333333333,5710,290,440,5560,0.9364668392750448,0.9299841772151899,0.0531437125748503,0.9848611804803711,0.939815492751501,0.9242511520737328,0.04447115384615385,0.9845107556926084,stationary_mixture
17,periodic,0,0.08308599994052202,0.8887845410499722,0,0.0,0.0,0,1.482009124942124,0.41479024302680045,7,0,14000,12000,6000,0.94875,0.9579860520496684,0.9386666666666666,0.9482279653169459,0.9875852799121307,0.9866588055555556,0.041166666666666664,5753,247,368,5632,0.9458814166335058,0.9402689873417721,0.045284431137724554,0.9869661493577128,0.9499489274770173,0.9375,0.03786057692307692,0.9880849598224173,stationary_mixture
17,drift,0,0.09649291599635035,0.09649291599635035,0,0.0,0.003240252612158656,0,0.6864367069210857,0.4135457898955792,0,0,14000,12000,6000,0.9391666666666667,0.9504273504273504,0.9266666666666666,0.9383966244725739,0.9846428839691684,0.9834028749999999,0.04833333333333333,5710,290,440,5560,0.9364668392750448,0.9299841772151899,0.0531437125748503,0.984861181276597,0.939815492751501,0.9242511520737328,0.04447115384615385,0.9845110862717706,stationary_mixture
17,threshold,0,0.08325400005560368,0.08325400005560368,7,0.10150525067001581,0.0,0,0.7459354160819203,0.3997072896454483,0,0,14000,12000,6000,0.93925,0.9358359517115925,0.9431666666666667,0.9394870092139121,0.9846432240481267,0.9834033055555557,0.06466666666666666,5612,388,341,5659,0.9370574350904799,0.942246835443038,0.06511976047904192,0.9848612373814786,0.9412609507396237,0.943836405529954,0.06430288461538461,0.9845115054843114,stationary_mixture
17,fixed,2,0.09522908297367394,0.09522908297367394,0,0.0,0.0,0,0.6604607499903068,0.4084234159672633,0,0,13200,12000,6000,0.9391666666666667,0.9504273504273504,0.9266666666666666,0.9383966244725739,0.9846429346096359,0.9834027222222222,0.04833333333333333,5710,290,440,5560,0.9364668392750448,0.9299841772151899,0.0531437125748503,0.9848610691165625,0.939815492751501,0.9242511520737328,0.04447115384615385,0.9845111270519108,stationary_mixture
17,periodic,2,0.08406195905990899,0.772113585146144,0,0.0,0.0,0,1.3285338339628652,0.4067805059021339,6,0,13200,12000,6000,0.9463333333333334,0.9545145960624576,0.9373333333333334,0.9458459468550285,0.9870784853152907,0.9859575555555556,0.04466666666666667,5732,268,376,5624,0.9426751592356688,0.9367088607594937,0.04790419161676647,0.9865887333449133,0.9481654047757717,0.9377880184331797,0.042067307692307696,0.9875014705254532,stationary_mixture
17,drift,2,0.0841485420241952,0.0841485420241952,0,0.0,0.002588083269074559,0,0.6606375840492547,0.42452245636377484,0,0,13200,12000,6000,0.9391666666666667,0.9504273504273504,0.9266666666666666,0.9383966244725739,0.9846428707571206,0.9834026111111112,0.04833333333333333,5710,290,440,5560,0.9364668392750448,0.9299841772151899,0.0531437125748503,0.9848611836966671,0.939815492751501,0.9242511520737328,0.04447115384615385,0.9845111963503217,stationary_mixture
17,threshold,2,0.08367254200857133,0.08367254200857133,6,0.0864496249705553,0.0,0,0.7329120000358671,0.4148627920076251,0,0,13200,12000,6000,0.93925,0.9365578929932086,0.9423333333333334,0.9394367367284207,0.9846428293036948,0.9834027916666666,0.06383333333333334,5617,383,346,5654,0.9368088467614534,0.9382911392405063,0.061377245508982034,0.9848611841134656,0.9413451885845404,0.9452764976958525,0.06580528846153846,0.9845109868675107,stationary_mixture
42,fixed,0,0.08576279203407466,0.08576279203407466,0,0.0,0.0,0,0.6433561251033098,0.40645395789761096,0,0,14000,12000,6000,0.9395833333333333,0.9463530208157048,0.932,0.9391216726845243,0.9836640684401432,0.9835307916666667,0.052833333333333336,5683,317,408,5592,0.93870112657389,0.9343667546174143,0.05761455525606469,0.9851797296908557,0.939553890686191,0.9295822102425876,0.048153034300791556,0.9822178655099703,stationary_mixture
42,periodic,0,0.08587991702370346,0.958897834061645,0,0.0,0.0,0,1.5903776249615476,0.4376668742625043,7,0,14000,12000,6000,0.9505833333333333,0.9562869198312236,0.9443333333333334,0.950272536687631,0.9866803465522686,0.9868629444444444,0.043166666666666666,5741,259,334,5666,0.9484159893846409,0.9429419525065963,0.04649595687331536,0.9866631080718219,0.9521709633649932,0.9457547169811321,0.03990765171503958,0.9867900337840141,stationary_mixture
42,drift,0,0.0855918750166893,0.0855918750166893,0,0.0,0.0031745022861286998,0,0.6814934170106426,0.40750316868070513,0,0,14000,12000,6000,0.9395833333333333,0.9463530208157048,0.932,0.9391216726845243,0.9836642575056453,0.9835313333333334,0.052833333333333336,5683,317,408,5592,0.93870112657389,0.9343667546174143,0.05761455525606469,0.9851797938958426,0.939553890686191,0.9295822102425876,0.048153034300791556,0.9822183781659902,stationary_mixture
42,threshold,0,0.09720408299472183,0.09720408299472183,7,0.14737462613265961,0.0,0,0.8418425830313936,0.4203328341245651,0,0,14000,12000,6000,0.9388333333333333,0.9417785234899329,0.9355,0.938628762541806,0.983664127346415,0.9835310555555555,0.057833333333333334,5653,347,387,5613,0.9383572963146587,0.9363456464379947,0.06064690026954178,0.9851796552104056,0.9389067524115756,0.9346361185983828,0.05507915567282322,0.982217939879909,stationary_mixture
42,fixed,2,0.09107166703324765,0.09107166703324765,0,0.0,0.0,0,0.6663252499420196,0.4077570833032951,0,0,13200,12000,6000,0.9395833333333333,0.9463530208157048,0.932,0.9391216726845243,0.983664008639692,0.9835304722222221,0.052833333333333336,5683,317,408,5592,0.93870112657389,0.9343667546174143,0.05761455525606469,0.9851797717000621,0.939553890686191,0.9295822102425876,0.048153034300791556,0.9822178232287602,stationary_mixture
42,periodic,2,0.09226920909713954,0.8031366241630167,0,0.0,0.0,0,1.3782068761065602,0.40714041457977146,6,0,13200,12000,6000,0.9503333333333334,0.9561107359891965,0.944,0.9500167728950016,0.9868146179654018,0.9867350138888888,0.043333333333333335,5740,260,336,5664,0.9473684210526315,0.9409630606860159,0.04649595687331536,0.9867992684453548,0.9527198779867819,0.9471024258760108,0.040237467018469655,0.9869411705093117,stationary_mixture
42,drift,2,0.09613470896147192,0.09613470896147192,0,0.0,0.0030071656219661236,0,0.7229825010290369,0.4479645019164309,0,0,13200,12000,6000,0.9395833333333333,0.9463530208157048,0.932,0.9391216726845243,0.9836645273256607,0.983531763888889,0.052833333333333336,5683,317,408,5592,0.93870112657389,0.9343667546174143,0.05761455525606469,0.98517996711405,0.939553890686191,0.9295822102425876,0.048153034300791556,0.9822182738936838,stationary_mixture
42,threshold,2,0.08507149992510676,0.08507149992510676,6,0.08631633396726102,0.0,0,0.7450292919529602,0.4094146256102249,0,0,13200,12000,6000,0.9383333333333334,0.9411271385441127,0.9351666666666667,0.9381374352115031,0.9836642509300809,0.9835312222222222,0.0585,5649,351,389,5611,0.9375825627476883,0.9363456464379947,0.06233153638814016,0.9851799108336939,0.9387064002709109,0.9339622641509434,0.05474934036939314,0.98221809858373,stationary_mixture
73,fixed,0,0.0843583750538528,0.0843583750538528,0,0.0,0.0,0,0.6362930000759661,0.4063212499022484,0,0,14000,12000,6000,0.9461666666666667,0.9546535326086957,0.9368333333333333,0.9456594885598923,0.9853278901404552,0.9850596388888888,0.0445,5733,267,379,5621,0.9474149359257623,0.9384301138021593,0.04328490957604506,0.985531440356007,0.9433222200431457,0.9347065682083171,0.046060144651693946,0.9850423280743561,stationary_mixture
73,periodic,0,0.08524558297358453,0.8864191659959033,0,0.0,0.0,0,1.4675638750195503,0.4151615018490702,7,0,14000,12000,6000,0.9563333333333334,0.9595501846257133,0.9528333333333333,0.9561799632045492,0.9882791683118979,0.9878407083333334,0.04016666666666667,5759,241,283,5717,0.955018315018315,0.9509775313685439,0.041209605692262084,0.988313988779441,0.9577245275667251,0.9553050913330743,0.038827559954320516,0.988230617408254,stationary_mixture
73,drift,0,0.09848762501496822,0.09848762501496822,0,0.0,0.0032452092273160815,0,0.7112998750526458,0.41660078696440905,0,0,14000,12000,6000,0.9461666666666667,0.9546535326086957,0.9368333333333333,0.9456594885598923,0.9853278526664014,0.9850593333333334,0.0445,5733,267,379,5621,0.9474149359257623,0.9384301138021593,0.04328490957604506,0.9855312087058351,0.9433222200431457,0.9347065682083171,0.046060144651693946,0.9850425002592338,stationary_mixture
73,threshold,0,0.10041404201183468,0.10041404201183468,7,0.11362208204809576,0.0,0,0.8431923340540379,0.425868459045887,0,0,14000,12000,6000,0.9464166666666667,0.953138216883776,0.939,0.9460162874653681,0.9853280310443613,0.9850599027777777,0.04616666666666667,5723,277,366,5634,0.9476316563695204,0.9398891158447622,0.04447079750963534,0.9855318000708251,0.943868570310972,0.9378157792460163,0.048344118766653975,0.9850426081128293,stationary_mixture
73,fixed,2,0.10547070798929781,0.10547070798929781,0,0.0,0.0,0,0.673851291066967,0.39354604633990675,0,0,13200,12000,6000,0.9461666666666667,0.9546535326086957,0.9368333333333333,0.9456594885598923,0.985327778597183,0.9850597916666667,0.0445,5733,267,379,5621,0.9474149359257623,0.9384301138021593,0.04328490957604506,0.9855312523176021,0.9433222200431457,0.9347065682083171,0.046060144651693946,0.9850426602599667,stationary_mixture
73,periodic,2,0.0932821249589324,0.9727346670115367,0,0.0,0.0,0,1.6385607089614496,0.460328041925095,6,0,13200,12000,6000,0.9546666666666667,0.957257794166946,0.9518333333333333,0.954537857262243,0.9880355856756823,0.9873686527777777,0.0425,5745,255,289,5711,0.953999414005274,0.9501021301429822,0.042395493625852355,0.9878179012298519,0.9552529182879378,0.9541391371939371,0.0426341834792539,0.9882969674790999,stationary_mixture
73,drift,2,0.19022062502335757,0.19022062502335757,0,0.0,0.0038983726408332586,0,0.8579625841230154,0.4319883366115391,0,0,13200,12000,6000,0.9461666666666667,0.9546535326086957,0.9368333333333333,0.9456594885598923,0.9853280508968537,0.9850596666666667,0.0445,5733,267,379,5621,0.9474149359257623,0.9384301138021593,0.04328490957604506,0.9855318470458421,0.9433222200431457,0.9347065682083171,0.046060144651693946,0.9850423475775578,stationary_mixture
73,threshold,2,0.11155370902270079,0.11155370902270079,6,0.14150987402535975,0.0,0,0.8542987090768293,0.41425178723875433,0,0,13200,12000,6000,0.9463333333333334,0.953283683141503,0.9386666666666666,0.9459187101108498,0.9853277374071333,0.9850592777777778,0.046,5724,276,368,5632,0.9477557027225901,0.9395973154362416,0.043877853542840205,0.9855313273091552,0.9434774105221984,0.9374271278663039,0.04872478111914732,0.9850424288592705,stationary_mixture
