after_prediction_batch,revealed_source_batch,next_model_version,train_rows,fit_seconds,trigger,seed,policy,delay_batches,scenario
3,3,1,3600,0.1142122499877587,periodic,17,periodic,0,source_switch
7,7,2,4000,0.09865512500982732,periodic,17,periodic,0,source_switch
11,11,3,4000,0.09652062505483627,periodic,17,periodic,0,source_switch
15,15,4,4000,0.15139295801054686,periodic,17,periodic,0,source_switch
19,19,5,4000,0.13285312498919666,periodic,17,periodic,0,source_switch
23,23,6,4000,0.13885166693944484,periodic,17,periodic,0,source_switch
27,27,7,4000,0.12140091601759195,periodic,17,periodic,0,source_switch
13,13,1,4000,0.11965837504249066,drift,17,drift,0,source_switch
5,3,1,3600,0.08460649999324232,periodic,17,periodic,2,source_switch
9,7,2,4000,0.09819820802658796,periodic,17,periodic,2,source_switch
13,11,3,4000,0.09668508300092071,periodic,17,periodic,2,source_switch
17,15,4,4000,0.10430991696193814,periodic,17,periodic,2,source_switch
21,19,5,4000,0.11648787499871105,periodic,17,periodic,2,source_switch
25,23,6,4000,0.14338879194110632,periodic,17,periodic,2,source_switch
15,13,1,4000,0.11050304200034589,drift,17,drift,2,source_switch
3,3,1,3600,0.08719537500292063,periodic,42,periodic,0,source_switch
7,7,2,4000,0.09725458291359246,periodic,42,periodic,0,source_switch
11,11,3,4000,0.09383966599125415,periodic,42,periodic,0,source_switch
15,15,4,4000,0.095455541042611,periodic,42,periodic,0,source_switch
19,19,5,4000,0.11201004195027053,periodic,42,periodic,0,source_switch
23,23,6,4000,0.12089962500613183,periodic,42,periodic,0,source_switch
27,27,7,4000,0.12182191701140255,periodic,42,periodic,0,source_switch
15,15,1,4000,0.09703816694673151,drift,42,drift,0,source_switch
5,3,1,3600,0.09365345793776214,periodic,42,periodic,2,source_switch
9,7,2,4000,0.09714037494268268,periodic,42,periodic,2,source_switch
13,11,3,4000,0.09779075009282678,periodic,42,periodic,2,source_switch
17,15,4,4000,0.09714070800691843,periodic,42,periodic,2,source_switch
21,19,5,4000,0.11852183297742158,periodic,42,periodic,2,source_switch
25,23,6,4000,0.12162004201672971,periodic,42,periodic,2,source_switch
17,15,1,4000,0.09760354203172028,drift,42,drift,2,source_switch
3,3,1,3600,0.11341320897918195,periodic,73,periodic,0,source_switch
7,7,2,4000,0.1135361670749262,periodic,73,periodic,0,source_switch
11,11,3,4000,0.1161161670461297,periodic,73,periodic,0,source_switch
15,15,4,4000,0.10757337498944253,periodic,73,periodic,0,source_switch
19,19,5,4000,0.11868991702795029,periodic,73,periodic,0,source_switch
23,23,6,4000,0.12756679102312773,periodic,73,periodic,0,source_switch
27,27,7,4000,0.11690154194366187,periodic,73,periodic,0,source_switch
17,17,1,4000,0.10008474998176098,drift,73,drift,0,source_switch
5,3,1,3600,0.24681466596666723,periodic,73,periodic,2,source_switch
9,7,2,4000,0.14426874998025596,periodic,73,periodic,2,source_switch
13,11,3,4000,0.10675616597291082,periodic,73,periodic,2,source_switch
17,15,4,4000,0.09654304198920727,periodic,73,periodic,2,source_switch
21,19,5,4000,0.1225094998953864,periodic,73,periodic,2,source_switch
25,23,6,4000,0.14832958299666643,periodic,73,periodic,2,source_switch
19,17,1,4000,0.1253934579435736,drift,73,drift,2,source_switch
3,3,1,3600,0.1117535000666976,periodic,17,periodic,0,stationary_mixture
7,7,2,4000,0.1216810829937458,periodic,17,periodic,0,stationary_mixture
11,11,3,4000,0.11792429105844349,periodic,17,periodic,0,stationary_mixture
15,15,4,4000,0.11848158296197653,periodic,17,periodic,0,stationary_mixture
19,19,5,4000,0.10611908393912017,periodic,17,periodic,0,stationary_mixture
23,23,6,4000,0.1196429580450058,periodic,17,periodic,0,stationary_mixture
27,27,7,4000,0.11009604204446077,periodic,17,periodic,0,stationary_mixture
5,3,1,3600,0.1061318339779973,periodic,17,periodic,2,stationary_mixture
9,7,2,4000,0.11858474998734891,periodic,17,periodic,2,stationary_mixture
13,11,3,4000,0.11905950005166233,periodic,17,periodic,2,stationary_mixture
17,15,4,4000,0.10821062501054257,periodic,17,periodic,2,stationary_mixture
21,19,5,4000,0.11744825006462634,periodic,17,periodic,2,stationary_mixture
25,23,6,4000,0.1186166669940576,periodic,17,periodic,2,stationary_mixture
3,3,1,3600,0.10628887498751283,periodic,42,periodic,0,stationary_mixture
7,7,2,4000,0.11940779199358076,periodic,42,periodic,0,stationary_mixture
11,11,3,4000,0.13097083300817758,periodic,42,periodic,0,stationary_mixture
15,15,4,4000,0.12317237502429634,periodic,42,periodic,0,stationary_mixture
19,19,5,4000,0.10834737494587898,periodic,42,periodic,0,stationary_mixture
23,23,6,4000,0.1575620420044288,periodic,42,periodic,0,stationary_mixture
27,27,7,4000,0.12726862507406622,periodic,42,periodic,0,stationary_mixture
5,3,1,3600,0.11098366603255272,periodic,42,periodic,2,stationary_mixture
9,7,2,4000,0.12283404206391424,periodic,42,periodic,2,stationary_mixture
13,11,3,4000,0.10920620802789927,periodic,42,periodic,2,stationary_mixture
17,15,4,4000,0.11870649992488325,periodic,42,periodic,2,stationary_mixture
21,19,5,4000,0.13053395797032863,periodic,42,periodic,2,stationary_mixture
25,23,6,4000,0.11860304104629904,periodic,42,periodic,2,stationary_mixture
3,3,1,3600,0.11165470909327269,periodic,73,periodic,0,stationary_mixture
7,7,2,4000,0.10811191599350423,periodic,73,periodic,0,stationary_mixture
11,11,3,4000,0.10790908301714808,periodic,73,periodic,0,stationary_mixture
15,15,4,4000,0.10580954106990248,periodic,73,periodic,0,stationary_mixture
19,19,5,4000,0.1077527079032734,periodic,73,periodic,0,stationary_mixture
23,23,6,4000,0.13258541701361537,periodic,73,periodic,0,stationary_mixture
27,27,7,4000,0.12735020893160254,periodic,73,periodic,0,stationary_mixture
5,3,1,3600,0.10807895800098777,periodic,73,periodic,2,stationary_mixture
9,7,2,4000,0.10970508400350809,periodic,73,periodic,2,stationary_mixture
13,11,3,4000,0.1264724580105394,periodic,73,periodic,2,stationary_mixture
17,15,4,4000,0.11972320906352252,periodic,73,periodic,2,stationary_mixture
21,19,5,4000,0.10775175003800541,periodic,73,periodic,2,stationary_mixture
25,23,6,4000,0.30772108293604106,periodic,73,periodic,2,stationary_mixture
