feature,mean_abs_shap
has_https,0.19788367942865198
slashes,0.11345913231789348
path_length,0.08202422477778624
subdomain_count,0.037444777922160846
host_length,0.017754157587840574
url_length,0.01597840169651036
digit_ratio,0.015428699819318024
suffix_length,0.011413545520450407
letter_ratio,0.009302318177417638
host_digit_ratio,0.007353144853929438
path_depth,0.007153245718506442
dots,0.007131478939908212
entropy,0.005993778450434568
special_ratio,0.00537466509373688
hyphens,0.003906042485291302
host_hyphens,0.0028585915018367342
unique_char_ratio,0.0027496699866847245
suspicious_token_count,0.0005887976757266518
questions,0.00025822126354512425
query_parameters,0.00012563891265017447
underscores,9.679590096197902e-05
query_length,4.496830572975341e-05
equals,1.4652112151907203e-05
has_userinfo,0.0
has_punycode,0.0
host_is_ip,0.0
fragment_length,0.0
ampersands,0.0
percents,0.0
ats,0.0
