feature,mean_absolute_shap_log_odds
nb_hyperlinks,1.2520756949019793
suspicious_token_count,0.7011167071848705
represented_host_length,0.565076967187858
dots,0.4766860471782223
hyphens,0.3463563232102326
path_letter_ratio,0.33599456054492755
suffix_length,0.27739392689045217
safe_anchor,0.2723851385678747
path_length,0.2590375775981741
slashes,0.2512336912358524
ratio_extRedirection,0.24505715240212156
domain_in_title,0.23473942795572478
query_entropy,0.21376029592800166
unique_char_ratio,0.20078205424571915
entropy,0.1849335294347922
underscores,0.1812149668297226
path_longest_word,0.1746487556130444
links_in_tags,0.168410022433288
host_digit_ratio,0.1613623115707822
ratio_intHyperlinks,0.16037025524581847
domain_with_copyright,0.15682233963729056
external_favicon,0.1507104227392492
representation_length,0.14096682782368558
subdomain_count,0.13746881340083206
ratio_extHyperlinks,0.13141720207980145
path_entropy,0.13108575777463205
path_depth,0.11858631072269919
letter_ratio,0.1183834678870089
host_longest_label,0.1150634235817835
digit_ratio,0.11008047364102364
ratio_intMedia,0.10866569297720709
host_word_count,0.10017157284005522
host_longest_word,0.09685620239044965
ratio_extErrors,0.08316016546803306
host_entropy,0.07737419571591764
ratio_extMedia,0.06209166063877009
path_digit_ratio,0.05798563635494727
host_hyphens,0.054298358349551414
special_ratio,0.05256323458338415
path_word_count,0.04839045193474166
path_extension_length,0.029487474796732714
query_length,0.02734204982030453
nb_extCSS,0.024582533804875788
empty_title,0.015891947712312553
equals,0.015592169046158748
longest_character_run,0.009132737481666669
login_form,0.004890287676480106
ampersands,0.0034141917932469113
ratio_nullHyperlinks,0.0
explicit_port,0.0
colon_count,0.0
right_clic,0.0
onmouseover,0.0
fragment_length,0.0
popup_window,0.0
iframe,0.0
sfh,0.0
percents,0.0
host_is_ip,0.0
submit_email,0.0
ats,0.0
has_punycode,0.0
semicolon_count,0.0
has_userinfo,0.0
ratio_intErrors,0.0
query_parameters,0.0
ratio_intRedirection,0.0
questions,0.0
