regime,branch,family,seed,budget,threshold,source,n,normal_n,phishing_n,tn,fp,fn,tp,fpr,recall,precision,f1,average_precision,roc_auc,domain_macro_fpr,domain_macro_recall
source_only,url_only_44,numeric_logistic,17,0.01,0.9994332144099286,Hannousse_DOM,258,167,91,166,1,82,9,0.005988023952095809,0.0989010989010989,0.9,0.1782178217821782,0.8202345681986069,0.8894518654997698,0.006493506493506494,0.10465116279069768
source_only,url_only_44,numeric_logistic,17,0.05,0.7974812444454519,Hannousse_DOM,258,167,91,159,8,36,55,0.04790419161676647,0.6043956043956044,0.873015873015873,0.7142857142857143,0.8202345681986069,0.8894518654997698,0.05194805194805195,0.6104651162790697
source_only,url_only_44,numeric_logistic,42,0.01,0.9994332144099286,Hannousse_DOM,258,167,91,166,1,82,9,0.005988023952095809,0.0989010989010989,0.9,0.1782178217821782,0.8202345681986069,0.8894518654997698,0.006493506493506494,0.10465116279069768
source_only,url_only_44,numeric_logistic,42,0.05,0.7974812444454519,Hannousse_DOM,258,167,91,159,8,36,55,0.04790419161676647,0.6043956043956044,0.873015873015873,0.7142857142857143,0.8202345681986069,0.8894518654997698,0.05194805194805195,0.6104651162790697
source_only,url_only_44,numeric_logistic,73,0.01,0.9994332144099286,Hannousse_DOM,258,167,91,166,1,82,9,0.005988023952095809,0.0989010989010989,0.9,0.1782178217821782,0.8202345681986069,0.8894518654997698,0.006493506493506494,0.10465116279069768
source_only,url_only_44,numeric_logistic,73,0.05,0.7974812444454519,Hannousse_DOM,258,167,91,159,8,36,55,0.04790419161676647,0.6043956043956044,0.873015873015873,0.7142857142857143,0.8202345681986069,0.8894518654997698,0.05194805194805195,0.6104651162790697
source_only,url_only_44,random_forest,17,0.01,0.7789460678210678,Hannousse_DOM,258,167,91,166,1,51,40,0.005988023952095809,0.43956043956043955,0.975609756097561,0.6060606060606061,0.835612308885753,0.8795156938869514,0.006493506493506494,0.45348837209302323
source_only,url_only_44,random_forest,17,0.05,0.7357892701645136,Hannousse_DOM,258,167,91,159,8,45,46,0.04790419161676647,0.5054945054945055,0.8518518518518519,0.6344827586206897,0.835612308885753,0.8795156938869514,0.05194805194805195,0.5174418604651163
source_only,url_only_44,random_forest,42,0.01,0.7859390331890332,Hannousse_DOM,258,167,91,166,1,54,37,0.005988023952095809,0.4065934065934066,0.9736842105263158,0.5736434108527132,0.8375562372409817,0.8808975455682042,0.006493506493506494,0.4186046511627907
source_only,url_only_44,random_forest,42,0.05,0.7172569252879967,Hannousse_DOM,258,167,91,159,8,43,48,0.04790419161676647,0.5274725274725275,0.8571428571428571,0.6530612244897959,0.8375562372409817,0.8808975455682042,0.05194805194805195,0.5406976744186046
source_only,url_only_44,random_forest,73,0.01,0.7924717314848894,Hannousse_DOM,258,167,91,166,1,55,36,0.005988023952095809,0.3956043956043956,0.972972972972973,0.5625,0.8358512816267588,0.8766203856024215,0.006493506493506494,0.4069767441860465
source_only,url_only_44,random_forest,73,0.05,0.7124148629148628,Hannousse_DOM,258,167,91,159,8,43,48,0.04790419161676647,0.5274725274725275,0.8571428571428571,0.6530612244897959,0.8358512816267588,0.8766203856024215,0.05194805194805195,0.5406976744186046
source_only,url_only_44,hist_gradient_7,17,0.01,0.938892849082212,Hannousse_DOM,258,167,91,166,1,52,39,0.005988023952095809,0.42857142857142855,0.975,0.5954198473282443,0.8465977578625399,0.8863262486016977,0.006493506493506494,0.4418604651162791
source_only,url_only_44,hist_gradient_7,17,0.05,0.815974038474815,Hannousse_DOM,258,167,91,159,8,36,55,0.04790419161676647,0.6043956043956044,0.873015873015873,0.7142857142857143,0.8465977578625399,0.8863262486016977,0.05194805194805195,0.627906976744186
source_only,url_only_44,hist_gradient_7,42,0.01,0.938892849082212,Hannousse_DOM,258,167,91,166,1,52,39,0.005988023952095809,0.42857142857142855,0.975,0.5954198473282443,0.8465977578625399,0.8863262486016977,0.006493506493506494,0.4418604651162791
source_only,url_only_44,hist_gradient_7,42,0.05,0.815974038474815,Hannousse_DOM,258,167,91,159,8,36,55,0.04790419161676647,0.6043956043956044,0.873015873015873,0.7142857142857143,0.8465977578625399,0.8863262486016977,0.05194805194805195,0.627906976744186
source_only,url_only_44,hist_gradient_7,73,0.01,0.938892849082212,Hannousse_DOM,258,167,91,166,1,52,39,0.005988023952095809,0.42857142857142855,0.975,0.5954198473282443,0.8465977578625399,0.8863262486016977,0.006493506493506494,0.4418604651162791
source_only,url_only_44,hist_gradient_7,73,0.05,0.815974038474815,Hannousse_DOM,258,167,91,159,8,36,55,0.04790419161676647,0.6043956043956044,0.873015873015873,0.7142857142857143,0.8465977578625399,0.8863262486016977,0.05194805194805195,0.627906976744186
source_only,url_only_44,hist_gradient_15,17,0.01,0.9782637275284178,Hannousse_DOM,258,167,91,166,1,62,29,0.005988023952095809,0.31868131868131866,0.9666666666666667,0.4793388429752066,0.8349186484123343,0.8778706323616504,0.006493506493506494,0.32558139534883723
source_only,url_only_44,hist_gradient_15,17,0.05,0.8417264549211079,Hannousse_DOM,258,167,91,159,8,35,56,0.04790419161676647,0.6153846153846154,0.875,0.7225806451612903,0.8349186484123343,0.8778706323616504,0.05194805194805195,0.6395348837209303
source_only,url_only_44,hist_gradient_15,42,0.01,0.9782637275284178,Hannousse_DOM,258,167,91,166,1,62,29,0.005988023952095809,0.31868131868131866,0.9666666666666667,0.4793388429752066,0.8349186484123343,0.8778706323616504,0.006493506493506494,0.32558139534883723
source_only,url_only_44,hist_gradient_15,42,0.05,0.8417264549211079,Hannousse_DOM,258,167,91,159,8,35,56,0.04790419161676647,0.6153846153846154,0.875,0.7225806451612903,0.8349186484123343,0.8778706323616504,0.05194805194805195,0.6395348837209303
source_only,url_only_44,hist_gradient_15,73,0.01,0.9782637275284178,Hannousse_DOM,258,167,91,166,1,62,29,0.005988023952095809,0.31868131868131866,0.9666666666666667,0.4793388429752066,0.8349186484123343,0.8778706323616504,0.006493506493506494,0.32558139534883723
source_only,url_only_44,hist_gradient_15,73,0.05,0.8417264549211079,Hannousse_DOM,258,167,91,159,8,35,56,0.04790419161676647,0.6153846153846154,0.875,0.7225806451612903,0.8349186484123343,0.8778706323616504,0.05194805194805195,0.6395348837209303
source_only,url_only_44,hist_gradient_31,17,0.01,0.9835691946580171,Hannousse_DOM,258,167,91,166,1,65,26,0.005988023952095809,0.2857142857142857,0.9629629629629629,0.4406779661016949,0.8187839621581038,0.8712903862604462,0.006493506493506494,0.29069767441860467
source_only,url_only_44,hist_gradient_31,17,0.05,0.8619041614079747,Hannousse_DOM,258,167,91,159,8,40,51,0.04790419161676647,0.5604395604395604,0.864406779661017,0.68,0.8187839621581038,0.8712903862604462,0.05194805194805195,0.5755813953488372
source_only,url_only_44,hist_gradient_31,42,0.01,0.9835691946580171,Hannousse_DOM,258,167,91,166,1,65,26,0.005988023952095809,0.2857142857142857,0.9629629629629629,0.4406779661016949,0.8187839621581038,0.8712903862604462,0.006493506493506494,0.29069767441860467
source_only,url_only_44,hist_gradient_31,42,0.05,0.8619041614079747,Hannousse_DOM,258,167,91,159,8,40,51,0.04790419161676647,0.5604395604395604,0.864406779661017,0.68,0.8187839621581038,0.8712903862604462,0.05194805194805195,0.5755813953488372
source_only,url_only_44,hist_gradient_31,73,0.01,0.9835691946580171,Hannousse_DOM,258,167,91,166,1,65,26,0.005988023952095809,0.2857142857142857,0.9629629629629629,0.4406779661016949,0.8187839621581038,0.8712903862604462,0.006493506493506494,0.29069767441860467
source_only,url_only_44,hist_gradient_31,73,0.05,0.8619041614079747,Hannousse_DOM,258,167,91,159,8,40,51,0.04790419161676647,0.5604395604395604,0.864406779661017,0.68,0.8187839621581038,0.8712903862604462,0.05194805194805195,0.5755813953488372
source_only,shared_page_72,numeric_logistic,17,0.01,0.9974577229276481,Hannousse_DOM,258,167,91,166,1,68,23,0.005988023952095809,0.25274725274725274,0.9583333333333334,0.4,0.8731837099836369,0.9239981575310915,0.006493506493506494,0.26744186046511625
source_only,shared_page_72,numeric_logistic,17,0.05,0.8728189509923296,Hannousse_DOM,258,167,91,159,8,31,60,0.04790419161676647,0.6593406593406593,0.8823529411764706,0.7547169811320755,0.8731837099836369,0.9239981575310915,0.05194805194805195,0.6686046511627907
source_only,shared_page_72,numeric_logistic,42,0.01,0.9974577229276481,Hannousse_DOM,258,167,91,166,1,68,23,0.005988023952095809,0.25274725274725274,0.9583333333333334,0.4,0.8731837099836369,0.9239981575310915,0.006493506493506494,0.26744186046511625
source_only,shared_page_72,numeric_logistic,42,0.05,0.8728189509923296,Hannousse_DOM,258,167,91,159,8,31,60,0.04790419161676647,0.6593406593406593,0.8823529411764706,0.7547169811320755,0.8731837099836369,0.9239981575310915,0.05194805194805195,0.6686046511627907
source_only,shared_page_72,numeric_logistic,73,0.01,0.9974577229276481,Hannousse_DOM,258,167,91,166,1,68,23,0.005988023952095809,0.25274725274725274,0.9583333333333334,0.4,0.8731837099836369,0.9239981575310915,0.006493506493506494,0.26744186046511625
source_only,shared_page_72,numeric_logistic,73,0.05,0.8728189509923296,Hannousse_DOM,258,167,91,159,8,31,60,0.04790419161676647,0.6593406593406593,0.8823529411764706,0.7547169811320755,0.8731837099836369,0.9239981575310915,0.05194805194805195,0.6686046511627907
source_only,shared_page_72,random_forest,17,0.01,0.9152606560106561,Hannousse_DOM,258,167,91,166,1,61,30,0.005988023952095809,0.32967032967032966,0.967741935483871,0.4918032786885246,0.8911568939539817,0.9426202539974995,0.006493506493506494,0.3372093023255814
source_only,shared_page_72,random_forest,17,0.05,0.8046286075036078,Hannousse_DOM,258,167,91,159,8,35,56,0.04790419161676647,0.6153846153846154,0.875,0.7225806451612903,0.8911568939539817,0.9426202539974995,0.05194805194805195,0.627906976744186
source_only,shared_page_72,random_forest,42,0.01,0.9170275974025973,Hannousse_DOM,258,167,91,166,1,59,32,0.005988023952095809,0.3516483516483517,0.9696969696969697,0.5161290322580645,0.8905992327225769,0.9408435875501744,0.006493506493506494,0.36046511627906974
source_only,shared_page_72,random_forest,42,0.05,0.7570483405483406,Hannousse_DOM,258,167,91,159,8,33,58,0.04790419161676647,0.6373626373626373,0.8787878787878788,0.7388535031847133,0.8905992327225769,0.9408435875501744,0.05194805194805195,0.6511627906976745
source_only,shared_page_72,random_forest,73,0.01,0.9215896559580773,Hannousse_DOM,258,167,91,166,1,63,28,0.005988023952095809,0.3076923076923077,0.9655172413793104,0.4666666666666667,0.8904192030328185,0.9430808712245838,0.006493506493506494,0.313953488372093
source_only,shared_page_72,random_forest,73,0.05,0.7745548340548342,Hannousse_DOM,258,167,91,159,8,32,59,0.04790419161676647,0.6483516483516484,0.8805970149253731,0.7468354430379747,0.8904192030328185,0.9430808712245838,0.05194805194805195,0.6627906976744186
source_only,shared_page_72,hist_gradient_7,17,0.01,0.9825676957610838,Hannousse_DOM,258,167,91,166,1,58,33,0.005988023952095809,0.3626373626373626,0.9705882352941176,0.528,0.9096739754457323,0.9360400078962954,0.006493506493506494,0.38372093023255816
source_only,shared_page_72,hist_gradient_7,17,0.05,0.855722806806442,Hannousse_DOM,258,167,91,159,8,25,66,0.04790419161676647,0.7252747252747253,0.8918918918918919,0.8,0.9096739754457323,0.9360400078962954,0.05194805194805195,0.7383720930232558
source_only,shared_page_72,hist_gradient_7,42,0.01,0.9825676957610838,Hannousse_DOM,258,167,91,166,1,58,33,0.005988023952095809,0.3626373626373626,0.9705882352941176,0.528,0.9096739754457323,0.9360400078962954,0.006493506493506494,0.38372093023255816
source_only,shared_page_72,hist_gradient_7,42,0.05,0.855722806806442,Hannousse_DOM,258,167,91,159,8,25,66,0.04790419161676647,0.7252747252747253,0.8918918918918919,0.8,0.9096739754457323,0.9360400078962954,0.05194805194805195,0.7383720930232558
source_only,shared_page_72,hist_gradient_7,73,0.01,0.9825676957610838,Hannousse_DOM,258,167,91,166,1,58,33,0.005988023952095809,0.3626373626373626,0.9705882352941176,0.528,0.9096739754457323,0.9360400078962954,0.006493506493506494,0.38372093023255816
source_only,shared_page_72,hist_gradient_7,73,0.05,0.855722806806442,Hannousse_DOM,258,167,91,159,8,25,66,0.04790419161676647,0.7252747252747253,0.8918918918918919,0.8,0.9096739754457323,0.9360400078962954,0.05194805194805195,0.7383720930232558
source_only,shared_page_72,hist_gradient_15,17,0.01,0.9943258193728193,Hannousse_DOM,258,167,91,166,1,63,28,0.005988023952095809,0.3076923076923077,0.9655172413793104,0.4666666666666667,0.8884609745580291,0.9303151937882477,0.006493506493506494,0.32558139534883723
source_only,shared_page_72,hist_gradient_15,17,0.05,0.9507966710991969,Hannousse_DOM,258,167,91,159,8,37,54,0.04790419161676647,0.5934065934065934,0.8709677419354839,0.7058823529411765,0.8884609745580291,0.9303151937882477,0.05194805194805195,0.6104651162790697
source_only,shared_page_72,hist_gradient_15,42,0.01,0.9943258193728193,Hannousse_DOM,258,167,91,166,1,63,28,0.005988023952095809,0.3076923076923077,0.9655172413793104,0.4666666666666667,0.8884609745580291,0.9303151937882477,0.006493506493506494,0.32558139534883723
source_only,shared_page_72,hist_gradient_15,42,0.05,0.9507966710991969,Hannousse_DOM,258,167,91,159,8,37,54,0.04790419161676647,0.5934065934065934,0.8709677419354839,0.7058823529411765,0.8884609745580291,0.9303151937882477,0.05194805194805195,0.6104651162790697
source_only,shared_page_72,hist_gradient_15,73,0.01,0.9943258193728193,Hannousse_DOM,258,167,91,166,1,63,28,0.005988023952095809,0.3076923076923077,0.9655172413793104,0.4666666666666667,0.8884609745580291,0.9303151937882477,0.006493506493506494,0.32558139534883723
source_only,shared_page_72,hist_gradient_15,73,0.05,0.9507966710991969,Hannousse_DOM,258,167,91,159,8,37,54,0.04790419161676647,0.5934065934065934,0.8709677419354839,0.7058823529411765,0.8884609745580291,0.9303151937882477,0.05194805194805195,0.6104651162790697
source_only,shared_page_72,hist_gradient_31,17,0.01,0.9921983951804395,Hannousse_DOM,258,167,91,166,1,60,31,0.005988023952095809,0.34065934065934067,0.96875,0.5040650406504065,0.8868599393302737,0.9289991445680068,0.006493506493506494,0.36046511627906974
source_only,shared_page_72,hist_gradient_31,17,0.05,0.9487015076168854,Hannousse_DOM,258,167,91,159,8,37,54,0.04790419161676647,0.5934065934065934,0.8709677419354839,0.7058823529411765,0.8868599393302737,0.9289991445680068,0.05194805194805195,0.6162790697674418
source_only,shared_page_72,hist_gradient_31,42,0.01,0.9921983951804395,Hannousse_DOM,258,167,91,166,1,60,31,0.005988023952095809,0.34065934065934067,0.96875,0.5040650406504065,0.8868599393302737,0.9289991445680068,0.006493506493506494,0.36046511627906974
source_only,shared_page_72,hist_gradient_31,42,0.05,0.9487015076168854,Hannousse_DOM,258,167,91,159,8,37,54,0.04790419161676647,0.5934065934065934,0.8709677419354839,0.7058823529411765,0.8868599393302737,0.9289991445680068,0.05194805194805195,0.6162790697674418
source_only,shared_page_72,hist_gradient_31,73,0.01,0.9921983951804395,Hannousse_DOM,258,167,91,166,1,60,31,0.005988023952095809,0.34065934065934067,0.96875,0.5040650406504065,0.8868599393302737,0.9289991445680068,0.006493506493506494,0.36046511627906974
source_only,shared_page_72,hist_gradient_31,73,0.05,0.9487015076168854,Hannousse_DOM,258,167,91,159,8,37,54,0.04790419161676647,0.5934065934065934,0.8709677419354839,0.7058823529411765,0.8868599393302737,0.9289991445680068,0.05194805194805195,0.6162790697674418
mixed_source_development,url_only_44,numeric_logistic,17,0.01,0.9971276733333091,CompPhish,2346,1468,878,1468,0,734,144,0.0,0.16400911161731208,1.0,0.28180039138943247,0.9239629220721255,0.939292608293558,0.0,0.19270833333333334
mixed_source_development,url_only_44,numeric_logistic,17,0.01,0.9971276733333091,Hannousse_DOM,258,167,91,166,1,79,12,0.005988023952095809,0.13186813186813187,0.9230769230769231,0.23076923076923078,0.8163385566333045,0.8818845824833849,0.006493506493506494,0.13953488372093023
mixed_source_development,url_only_44,numeric_logistic,17,0.05,0.9153522442750026,CompPhish,2346,1468,878,1458,10,465,413,0.006811989100817439,0.47038724373576307,0.9763593380614657,0.6348962336664105,0.9239629220721255,0.939292608293558,0.0071174377224199285,0.5506390056022409
mixed_source_development,url_only_44,numeric_logistic,17,0.05,0.9153522442750026,Hannousse_DOM,258,167,91,159,8,42,49,0.04790419161676647,0.5384615384615384,0.8596491228070176,0.6621621621621622,0.8163385566333045,0.8818845824833849,0.05194805194805195,0.5406976744186046
mixed_source_development,url_only_44,numeric_logistic,42,0.01,0.9971276733333091,CompPhish,2346,1468,878,1468,0,734,144,0.0,0.16400911161731208,1.0,0.28180039138943247,0.9239629220721255,0.939292608293558,0.0,0.19270833333333334
mixed_source_development,url_only_44,numeric_logistic,42,0.01,0.9971276733333091,Hannousse_DOM,258,167,91,166,1,79,12,0.005988023952095809,0.13186813186813187,0.9230769230769231,0.23076923076923078,0.8163385566333045,0.8818845824833849,0.006493506493506494,0.13953488372093023
mixed_source_development,url_only_44,numeric_logistic,42,0.05,0.9153522442750026,CompPhish,2346,1468,878,1458,10,465,413,0.006811989100817439,0.47038724373576307,0.9763593380614657,0.6348962336664105,0.9239629220721255,0.939292608293558,0.0071174377224199285,0.5506390056022409
mixed_source_development,url_only_44,numeric_logistic,42,0.05,0.9153522442750026,Hannousse_DOM,258,167,91,159,8,42,49,0.04790419161676647,0.5384615384615384,0.8596491228070176,0.6621621621621622,0.8163385566333045,0.8818845824833849,0.05194805194805195,0.5406976744186046
mixed_source_development,url_only_44,numeric_logistic,73,0.01,0.9971276733333091,CompPhish,2346,1468,878,1468,0,734,144,0.0,0.16400911161731208,1.0,0.28180039138943247,0.9239629220721255,0.939292608293558,0.0,0.19270833333333334
mixed_source_development,url_only_44,numeric_logistic,73,0.01,0.9971276733333091,Hannousse_DOM,258,167,91,166,1,79,12,0.005988023952095809,0.13186813186813187,0.9230769230769231,0.23076923076923078,0.8163385566333045,0.8818845824833849,0.006493506493506494,0.13953488372093023
mixed_source_development,url_only_44,numeric_logistic,73,0.05,0.9153522442750026,CompPhish,2346,1468,878,1458,10,465,413,0.006811989100817439,0.47038724373576307,0.9763593380614657,0.6348962336664105,0.9239629220721255,0.939292608293558,0.0071174377224199285,0.5506390056022409
mixed_source_development,url_only_44,numeric_logistic,73,0.05,0.9153522442750026,Hannousse_DOM,258,167,91,159,8,42,49,0.04790419161676647,0.5384615384615384,0.8596491228070176,0.6621621621621622,0.8163385566333045,0.8818845824833849,0.05194805194805195,0.5406976744186046
mixed_source_development,url_only_44,random_forest,17,0.01,0.898226788047348,CompPhish,2346,1468,878,1467,1,497,381,0.0006811989100817438,0.43394077448747154,0.9973821989528796,0.6047619047619047,0.941734584846311,0.9585093226493206,0.0007117437722419929,0.5208333333333334
mixed_source_development,url_only_44,random_forest,17,0.01,0.898226788047348,Hannousse_DOM,258,167,91,166,1,64,27,0.005988023952095809,0.2967032967032967,0.9642857142857143,0.453781512605042,0.799377435024796,0.8601697703494111,0.006493506493506494,0.3023255813953488
mixed_source_development,url_only_44,random_forest,17,0.05,0.8250921162171166,CompPhish,2346,1468,878,1458,10,406,472,0.006811989100817439,0.5375854214123007,0.979253112033195,0.6941176470588235,0.941734584846311,0.9585093226493206,0.0071174377224199285,0.6249270541549953
mixed_source_development,url_only_44,random_forest,17,0.05,0.8250921162171166,Hannousse_DOM,258,167,91,159,8,51,40,0.04790419161676647,0.43956043956043955,0.8333333333333334,0.5755395683453237,0.799377435024796,0.8601697703494111,0.048701298701298704,0.45348837209302323
mixed_source_development,url_only_44,random_forest,42,0.01,0.8713483232163629,CompPhish,2346,1468,878,1465,3,456,422,0.0020435967302452314,0.4806378132118451,0.9929411764705882,0.6477359938603223,0.9423384310716839,0.9584162202925897,0.002135231316725979,0.5698164682539683
mixed_source_development,url_only_44,random_forest,42,0.01,0.8713483232163629,Hannousse_DOM,258,167,91,166,1,60,31,0.005988023952095809,0.34065934065934067,0.96875,0.5040650406504065,0.8029481184514919,0.8632624860169771,0.006493506493506494,0.3488372093023256
mixed_source_development,url_only_44,random_forest,42,0.05,0.8169278375727351,CompPhish,2346,1468,878,1459,9,391,487,0.006130790190735695,0.5546697038724373,0.9818548387096774,0.7088791848617176,0.9423384310716839,0.9584162202925897,0.006405693950177936,0.6397715336134454
mixed_source_development,url_only_44,random_forest,42,0.05,0.8169278375727351,Hannousse_DOM,258,167,91,159,8,53,38,0.04790419161676647,0.4175824175824176,0.8260869565217391,0.5547445255474452,0.8029481184514919,0.8632624860169771,0.048701298701298704,0.43023255813953487
mixed_source_development,url_only_44,random_forest,73,0.01,0.8684851507651815,CompPhish,2346,1468,878,1465,3,457,421,0.0020435967302452314,0.479498861047836,0.9929245283018868,0.6466973886328725,0.9437552682252506,0.9596606884608939,0.002135231316725979,0.5690724206349206
mixed_source_development,url_only_44,random_forest,73,0.01,0.8684851507651815,Hannousse_DOM,258,167,91,166,1,59,32,0.005988023952095809,0.3516483516483517,0.9696969696969697,0.5161290322580645,0.8097961838189179,0.8654339672303745,0.006493506493506494,0.36046511627906974
mixed_source_development,url_only_44,random_forest,73,0.05,0.7863027981005924,CompPhish,2346,1468,878,1457,11,345,533,0.007493188010899182,0.6070615034168565,0.9797794117647058,0.749648382559775,0.9437552682252506,0.9596606884608939,0.007829181494661922,0.6733789236415287
mixed_source_development,url_only_44,random_forest,73,0.05,0.7863027981005924,Hannousse_DOM,258,167,91,159,8,49,42,0.04790419161676647,0.46153846153846156,0.84,0.5957446808510638,0.8097961838189179,0.8654339672303745,0.048701298701298704,0.47093023255813954
mixed_source_development,url_only_44,hist_gradient_7,17,0.01,0.9589267521894639,CompPhish,2346,1468,878,1463,5,445,433,0.0034059945504087193,0.49316628701594534,0.9885844748858448,0.6580547112462006,0.9310315023817946,0.9427688175380012,0.0035587188612099642,0.5511860994397759
mixed_source_development,url_only_44,hist_gradient_7,17,0.01,0.9589267521894639,Hannousse_DOM,258,167,91,166,1,55,36,0.005988023952095809,0.3956043956043956,0.972972972972973,0.5625,0.8530104954262219,0.8923471737842996,0.006493506493506494,0.4069767441860465
mixed_source_development,url_only_44,hist_gradient_7,17,0.05,0.8456662245475871,CompPhish,2346,1468,878,1443,25,315,563,0.0170299727520436,0.6412300683371298,0.9574829931972789,0.7680763983628922,0.9310315023817946,0.9427688175380012,0.015658362989323844,0.6976686507936508
mixed_source_development,url_only_44,hist_gradient_7,17,0.05,0.8456662245475871,Hannousse_DOM,258,167,91,159,8,37,54,0.04790419161676647,0.5934065934065934,0.8709677419354839,0.7058823529411765,0.8530104954262219,0.8923471737842996,0.05194805194805195,0.6104651162790697
mixed_source_development,url_only_44,hist_gradient_7,42,0.01,0.9589267521894639,CompPhish,2346,1468,878,1463,5,445,433,0.0034059945504087193,0.49316628701594534,0.9885844748858448,0.6580547112462006,0.9310315023817946,0.9427688175380012,0.0035587188612099642,0.5511860994397759
mixed_source_development,url_only_44,hist_gradient_7,42,0.01,0.9589267521894639,Hannousse_DOM,258,167,91,166,1,55,36,0.005988023952095809,0.3956043956043956,0.972972972972973,0.5625,0.8530104954262219,0.8923471737842996,0.006493506493506494,0.4069767441860465
mixed_source_development,url_only_44,hist_gradient_7,42,0.05,0.8456662245475871,CompPhish,2346,1468,878,1443,25,315,563,0.0170299727520436,0.6412300683371298,0.9574829931972789,0.7680763983628922,0.9310315023817946,0.9427688175380012,0.015658362989323844,0.6976686507936508
mixed_source_development,url_only_44,hist_gradient_7,42,0.05,0.8456662245475871,Hannousse_DOM,258,167,91,159,8,37,54,0.04790419161676647,0.5934065934065934,0.8709677419354839,0.7058823529411765,0.8530104954262219,0.8923471737842996,0.05194805194805195,0.6104651162790697
mixed_source_development,url_only_44,hist_gradient_7,73,0.01,0.9589267521894639,CompPhish,2346,1468,878,1463,5,445,433,0.0034059945504087193,0.49316628701594534,0.9885844748858448,0.6580547112462006,0.9310315023817946,0.9427688175380012,0.0035587188612099642,0.5511860994397759
mixed_source_development,url_only_44,hist_gradient_7,73,0.01,0.9589267521894639,Hannousse_DOM,258,167,91,166,1,55,36,0.005988023952095809,0.3956043956043956,0.972972972972973,0.5625,0.8530104954262219,0.8923471737842996,0.006493506493506494,0.4069767441860465
mixed_source_development,url_only_44,hist_gradient_7,73,0.05,0.8456662245475871,CompPhish,2346,1468,878,1443,25,315,563,0.0170299727520436,0.6412300683371298,0.9574829931972789,0.7680763983628922,0.9310315023817946,0.9427688175380012,0.015658362989323844,0.6976686507936508
mixed_source_development,url_only_44,hist_gradient_7,73,0.05,0.8456662245475871,Hannousse_DOM,258,167,91,159,8,37,54,0.04790419161676647,0.5934065934065934,0.8709677419354839,0.7058823529411765,0.8530104954262219,0.8923471737842996,0.05194805194805195,0.6104651162790697
mixed_source_development,url_only_44,hist_gradient_15,17,0.01,0.9706809805548661,CompPhish,2346,1468,878,1462,6,430,448,0.004087193460490463,0.510250569476082,0.986784140969163,0.6726726726726727,0.9377271212285433,0.946900234617939,0.004270462633451958,0.5867107259570494
mixed_source_development,url_only_44,hist_gradient_15,17,0.01,0.9706809805548661,Hannousse_DOM,258,167,91,166,1,52,39,0.005988023952095809,0.42857142857142855,0.975,0.5954198473282443,0.837020312230273,0.8816213726393367,0.006493506493506494,0.4418604651162791
mixed_source_development,url_only_44,hist_gradient_15,17,0.05,0.881455569591241,CompPhish,2346,1468,878,1450,18,298,580,0.01226158038147139,0.6605922551252847,0.9698996655518395,0.7859078590785907,0.9377271212285433,0.946900234617939,0.012811387900355872,0.7180492974216713
mixed_source_development,url_only_44,hist_gradient_15,17,0.05,0.881455569591241,Hannousse_DOM,258,167,91,159,8,37,54,0.04790419161676647,0.5934065934065934,0.8709677419354839,0.7058823529411765,0.837020312230273,0.8816213726393367,0.05194805194805195,0.6162790697674418
mixed_source_development,url_only_44,hist_gradient_15,42,0.01,0.9706809805548661,CompPhish,2346,1468,878,1462,6,430,448,0.004087193460490463,0.510250569476082,0.986784140969163,0.6726726726726727,0.9377271212285433,0.946900234617939,0.004270462633451958,0.5867107259570494
mixed_source_development,url_only_44,hist_gradient_15,42,0.01,0.9706809805548661,Hannousse_DOM,258,167,91,166,1,52,39,0.005988023952095809,0.42857142857142855,0.975,0.5954198473282443,0.837020312230273,0.8816213726393367,0.006493506493506494,0.4418604651162791
mixed_source_development,url_only_44,hist_gradient_15,42,0.05,0.881455569591241,CompPhish,2346,1468,878,1450,18,298,580,0.01226158038147139,0.6605922551252847,0.9698996655518395,0.7859078590785907,0.9377271212285433,0.946900234617939,0.012811387900355872,0.7180492974216713
mixed_source_development,url_only_44,hist_gradient_15,42,0.05,0.881455569591241,Hannousse_DOM,258,167,91,159,8,37,54,0.04790419161676647,0.5934065934065934,0.8709677419354839,0.7058823529411765,0.837020312230273,0.8816213726393367,0.05194805194805195,0.6162790697674418
mixed_source_development,url_only_44,hist_gradient_15,73,0.01,0.9706809805548661,CompPhish,2346,1468,878,1462,6,430,448,0.004087193460490463,0.510250569476082,0.986784140969163,0.6726726726726727,0.9377271212285433,0.946900234617939,0.004270462633451958,0.5867107259570494
mixed_source_development,url_only_44,hist_gradient_15,73,0.01,0.9706809805548661,Hannousse_DOM,258,167,91,166,1,52,39,0.005988023952095809,0.42857142857142855,0.975,0.5954198473282443,0.837020312230273,0.8816213726393367,0.006493506493506494,0.4418604651162791
mixed_source_development,url_only_44,hist_gradient_15,73,0.05,0.881455569591241,CompPhish,2346,1468,878,1450,18,298,580,0.01226158038147139,0.6605922551252847,0.9698996655518395,0.7859078590785907,0.9377271212285433,0.946900234617939,0.012811387900355872,0.7180492974216713
mixed_source_development,url_only_44,hist_gradient_15,73,0.05,0.881455569591241,Hannousse_DOM,258,167,91,159,8,37,54,0.04790419161676647,0.5934065934065934,0.8709677419354839,0.7058823529411765,0.837020312230273,0.8816213726393367,0.05194805194805195,0.6162790697674418
mixed_source_development,url_only_44,hist_gradient_31,17,0.01,0.9841485926724929,CompPhish,2346,1468,878,1462,6,435,443,0.004087193460490463,0.5045558086560364,0.9866369710467706,0.66767143933685,0.9355834888943145,0.9427292490363907,0.004270462633451958,0.5812179038281979
mixed_source_development,url_only_44,hist_gradient_31,17,0.01,0.9841485926724929,Hannousse_DOM,258,167,91,166,1,57,34,0.005988023952095809,0.37362637362637363,0.9714285714285714,0.5396825396825397,0.8272388156569351,0.8737250773178917,0.006493506493506494,0.38372093023255816
mixed_source_development,url_only_44,hist_gradient_31,17,0.05,0.933001899689786,CompPhish,2346,1468,878,1448,20,317,561,0.013623978201634877,0.6389521640091116,0.9655765920826161,0.7690198766278272,0.9355834888943145,0.9427292490363907,0.012811387900355872,0.6978349616873777
mixed_source_development,url_only_44,hist_gradient_31,17,0.05,0.933001899689786,Hannousse_DOM,258,167,91,159,8,42,49,0.04790419161676647,0.5384615384615384,0.8596491228070176,0.6621621621621622,0.8272388156569351,0.8737250773178917,0.05194805194805195,0.5581395348837209
mixed_source_development,url_only_44,hist_gradient_31,42,0.01,0.9841485926724929,CompPhish,2346,1468,878,1462,6,435,443,0.004087193460490463,0.5045558086560364,0.9866369710467706,0.66767143933685,0.9355834888943145,0.9427292490363907,0.004270462633451958,0.5812179038281979
mixed_source_development,url_only_44,hist_gradient_31,42,0.01,0.9841485926724929,Hannousse_DOM,258,167,91,166,1,57,34,0.005988023952095809,0.37362637362637363,0.9714285714285714,0.5396825396825397,0.8272388156569351,0.8737250773178917,0.006493506493506494,0.38372093023255816
mixed_source_development,url_only_44,hist_gradient_31,42,0.05,0.933001899689786,CompPhish,2346,1468,878,1448,20,317,561,0.013623978201634877,0.6389521640091116,0.9655765920826161,0.7690198766278272,0.9355834888943145,0.9427292490363907,0.012811387900355872,0.6978349616873777
mixed_source_development,url_only_44,hist_gradient_31,42,0.05,0.933001899689786,Hannousse_DOM,258,167,91,159,8,42,49,0.04790419161676647,0.5384615384615384,0.8596491228070176,0.6621621621621622,0.8272388156569351,0.8737250773178917,0.05194805194805195,0.5581395348837209
mixed_source_development,url_only_44,hist_gradient_31,73,0.01,0.9841485926724929,CompPhish,2346,1468,878,1462,6,435,443,0.004087193460490463,0.5045558086560364,0.9866369710467706,0.66767143933685,0.9355834888943145,0.9427292490363907,0.004270462633451958,0.5812179038281979
mixed_source_development,url_only_44,hist_gradient_31,73,0.01,0.9841485926724929,Hannousse_DOM,258,167,91,166,1,57,34,0.005988023952095809,0.37362637362637363,0.9714285714285714,0.5396825396825397,0.8272388156569351,0.8737250773178917,0.006493506493506494,0.38372093023255816
mixed_source_development,url_only_44,hist_gradient_31,73,0.05,0.933001899689786,CompPhish,2346,1468,878,1448,20,317,561,0.013623978201634877,0.6389521640091116,0.9655765920826161,0.7690198766278272,0.9355834888943145,0.9427292490363907,0.012811387900355872,0.6978349616873777
mixed_source_development,url_only_44,hist_gradient_31,73,0.05,0.933001899689786,Hannousse_DOM,258,167,91,159,8,42,49,0.04790419161676647,0.5384615384615384,0.8596491228070176,0.6621621621621622,0.8272388156569351,0.8737250773178917,0.05194805194805195,0.5581395348837209
mixed_source_development,shared_page_72,numeric_logistic,17,0.01,0.997539186964093,CompPhish,2346,1468,878,1464,4,632,246,0.0027247956403269754,0.28018223234624146,0.984,0.43617021276595747,0.9360546712214772,0.950377219715355,0.0028469750889679717,0.3302769024276377
mixed_source_development,shared_page_72,numeric_logistic,17,0.01,0.997539186964093,Hannousse_DOM,258,167,91,166,1,73,18,0.005988023952095809,0.1978021978021978,0.9473684210526315,0.32727272727272727,0.8752470620019699,0.9221556886227544,0.006493506493506494,0.20930232558139536
mixed_source_development,shared_page_72,numeric_logistic,17,0.05,0.8574480954007834,CompPhish,2346,1468,878,1442,26,219,659,0.017711171662125342,0.7505694760820045,0.962043795620438,0.8432501599488164,0.9360546712214772,0.950377219715355,0.016607354685646503,0.8065121882086166
mixed_source_development,shared_page_72,numeric_logistic,17,0.05,0.8574480954007834,Hannousse_DOM,258,167,91,159,8,32,59,0.04790419161676647,0.6483516483516484,0.8805970149253731,0.7468354430379747,0.8752470620019699,0.9221556886227544,0.05194805194805195,0.6569767441860465
mixed_source_development,shared_page_72,numeric_logistic,42,0.01,0.997539186964093,CompPhish,2346,1468,878,1464,4,632,246,0.0027247956403269754,0.28018223234624146,0.984,0.43617021276595747,0.9360546712214772,0.950377219715355,0.0028469750889679717,0.3302769024276377
mixed_source_development,shared_page_72,numeric_logistic,42,0.01,0.997539186964093,Hannousse_DOM,258,167,91,166,1,73,18,0.005988023952095809,0.1978021978021978,0.9473684210526315,0.32727272727272727,0.8752470620019699,0.9221556886227544,0.006493506493506494,0.20930232558139536
mixed_source_development,shared_page_72,numeric_logistic,42,0.05,0.8574480954007834,CompPhish,2346,1468,878,1442,26,219,659,0.017711171662125342,0.7505694760820045,0.962043795620438,0.8432501599488164,0.9360546712214772,0.950377219715355,0.016607354685646503,0.8065121882086166
mixed_source_development,shared_page_72,numeric_logistic,42,0.05,0.8574480954007834,Hannousse_DOM,258,167,91,159,8,32,59,0.04790419161676647,0.6483516483516484,0.8805970149253731,0.7468354430379747,0.8752470620019699,0.9221556886227544,0.05194805194805195,0.6569767441860465
mixed_source_development,shared_page_72,numeric_logistic,73,0.01,0.997539186964093,CompPhish,2346,1468,878,1464,4,632,246,0.0027247956403269754,0.28018223234624146,0.984,0.43617021276595747,0.9360546712214772,0.950377219715355,0.0028469750889679717,0.3302769024276377
mixed_source_development,shared_page_72,numeric_logistic,73,0.01,0.997539186964093,Hannousse_DOM,258,167,91,166,1,73,18,0.005988023952095809,0.1978021978021978,0.9473684210526315,0.32727272727272727,0.8752470620019699,0.9221556886227544,0.006493506493506494,0.20930232558139536
mixed_source_development,shared_page_72,numeric_logistic,73,0.05,0.8574480954007834,CompPhish,2346,1468,878,1442,26,219,659,0.017711171662125342,0.7505694760820045,0.962043795620438,0.8432501599488164,0.9360546712214772,0.950377219715355,0.016607354685646503,0.8065121882086166
mixed_source_development,shared_page_72,numeric_logistic,73,0.05,0.8574480954007834,Hannousse_DOM,258,167,91,159,8,32,59,0.04790419161676647,0.6483516483516484,0.8805970149253731,0.7468354430379747,0.8752470620019699,0.9221556886227544,0.05194805194805195,0.6569767441860465
mixed_source_development,shared_page_72,random_forest,17,0.01,0.9391488997114001,CompPhish,2346,1468,878,1466,2,459,419,0.0013623978201634877,0.4772209567198178,0.995249406175772,0.6451116243264049,0.9630839912643531,0.9758267489277712,0.0014234875444839859,0.5664765906362546
mixed_source_development,shared_page_72,random_forest,17,0.01,0.9391488997114001,Hannousse_DOM,258,167,91,166,1,60,31,0.005988023952095809,0.34065934065934067,0.96875,0.5040650406504065,0.8928500743060251,0.9428834638415476,0.006493506493506494,0.3488372093023256
mixed_source_development,shared_page_72,random_forest,17,0.05,0.8082941919191918,CompPhish,2346,1468,878,1454,14,291,587,0.009536784741144414,0.6685649202733486,0.9767054908485857,0.7937795807978364,0.9630839912643531,0.9758267489277712,0.009252669039145907,0.7739199846605309
mixed_source_development,shared_page_72,random_forest,17,0.05,0.8082941919191918,Hannousse_DOM,258,167,91,159,8,31,60,0.04790419161676647,0.6593406593406593,0.8823529411764706,0.7547169811320755,0.8928500743060251,0.9428834638415476,0.05194805194805195,0.6627906976744186
mixed_source_development,shared_page_72,random_forest,42,0.01,0.9454577991452994,CompPhish,2346,1468,878,1466,2,476,402,0.0013623978201634877,0.45785876993166286,0.995049504950495,0.6271450858034321,0.9632786860907062,0.9766313084605215,0.0014234875444839859,0.5426670668267307
mixed_source_development,shared_page_72,random_forest,42,0.01,0.9454577991452994,Hannousse_DOM,258,167,91,166,1,64,27,0.005988023952095809,0.2967032967032967,0.9642857142857143,0.453781512605042,0.8946434002955801,0.9442653155228006,0.006493506493506494,0.3023255813953488
mixed_source_development,shared_page_72,random_forest,42,0.05,0.7573737948698479,CompPhish,2346,1468,878,1444,24,263,615,0.01634877384196185,0.7004555808656037,0.9624413145539906,0.8108108108108109,0.9632786860907062,0.9766313084605215,0.015658362989323844,0.80515539549153
mixed_source_development,shared_page_72,random_forest,42,0.05,0.7573737948698479,Hannousse_DOM,258,167,91,159,8,26,65,0.04790419161676647,0.7142857142857143,0.8904109589041096,0.7926829268292683,0.8946434002955801,0.9442653155228006,0.05194805194805195,0.7209302325581395
mixed_source_development,shared_page_72,random_forest,73,0.01,0.9340624155256508,CompPhish,2346,1468,878,1466,2,455,423,0.0013623978201634877,0.48177676537585423,0.9952941176470588,0.649270913277053,0.9632373834047616,0.9759687300217861,0.0014234875444839859,0.5716849239695878
mixed_source_development,shared_page_72,random_forest,73,0.01,0.9340624155256508,Hannousse_DOM,258,167,91,166,1,60,31,0.005988023952095809,0.34065934065934067,0.96875,0.5040650406504065,0.8906654049711911,0.940185562940054,0.006493506493506494,0.3488372093023256
mixed_source_development,shared_page_72,random_forest,73,0.05,0.800921118097589,CompPhish,2346,1468,878,1454,14,297,581,0.009536784741144414,0.6617312072892938,0.9764705882352941,0.7888662593346911,0.9632373834047616,0.9759687300217861,0.009252669039145907,0.7723381019074296
mixed_source_development,shared_page_72,random_forest,73,0.05,0.800921118097589,Hannousse_DOM,258,167,91,159,8,31,60,0.04790419161676647,0.6593406593406593,0.8823529411764706,0.7547169811320755,0.8906654049711911,0.940185562940054,0.05194805194805195,0.6686046511627907
mixed_source_development,shared_page_72,hist_gradient_7,17,0.01,0.9460576705534949,CompPhish,2346,1468,878,1456,12,278,600,0.008174386920980926,0.683371298405467,0.9803921568627451,0.8053691275167785,0.9500880859467157,0.9560106881505527,0.007473309608540925,0.7525072529011604
mixed_source_development,shared_page_72,hist_gradient_7,17,0.01,0.9460576705534949,Hannousse_DOM,258,167,91,166,1,39,52,0.005988023952095809,0.5714285714285714,0.9811320754716981,0.7222222222222222,0.9264520325101355,0.9415016121602948,0.006493506493506494,0.5930232558139535
mixed_source_development,shared_page_72,hist_gradient_7,17,0.05,0.8278489565857096,CompPhish,2346,1468,878,1444,24,197,681,0.01634877384196185,0.775626423690205,0.9659574468085106,0.8603916614024005,0.9500880859467157,0.9560106881505527,0.015658362989323844,0.8458227040816326
mixed_source_development,shared_page_72,hist_gradient_7,17,0.05,0.8278489565857096,Hannousse_DOM,258,167,91,159,8,21,70,0.04790419161676647,0.7692307692307693,0.8974358974358975,0.8284023668639053,0.9264520325101355,0.9415016121602948,0.05194805194805195,0.7790697674418605
mixed_source_development,shared_page_72,hist_gradient_7,42,0.01,0.9460576705534949,CompPhish,2346,1468,878,1456,12,278,600,0.008174386920980926,0.683371298405467,0.9803921568627451,0.8053691275167785,0.9500880859467157,0.9560106881505527,0.007473309608540925,0.7525072529011604
mixed_source_development,shared_page_72,hist_gradient_7,42,0.01,0.9460576705534949,Hannousse_DOM,258,167,91,166,1,39,52,0.005988023952095809,0.5714285714285714,0.9811320754716981,0.7222222222222222,0.9264520325101355,0.9415016121602948,0.006493506493506494,0.5930232558139535
mixed_source_development,shared_page_72,hist_gradient_7,42,0.05,0.8278489565857096,CompPhish,2346,1468,878,1444,24,197,681,0.01634877384196185,0.775626423690205,0.9659574468085106,0.8603916614024005,0.9500880859467157,0.9560106881505527,0.015658362989323844,0.8458227040816326
mixed_source_development,shared_page_72,hist_gradient_7,42,0.05,0.8278489565857096,Hannousse_DOM,258,167,91,159,8,21,70,0.04790419161676647,0.7692307692307693,0.8974358974358975,0.8284023668639053,0.9264520325101355,0.9415016121602948,0.05194805194805195,0.7790697674418605
mixed_source_development,shared_page_72,hist_gradient_7,73,0.01,0.9460576705534949,CompPhish,2346,1468,878,1456,12,278,600,0.008174386920980926,0.683371298405467,0.9803921568627451,0.8053691275167785,0.9500880859467157,0.9560106881505527,0.007473309608540925,0.7525072529011604
mixed_source_development,shared_page_72,hist_gradient_7,73,0.01,0.9460576705534949,Hannousse_DOM,258,167,91,166,1,39,52,0.005988023952095809,0.5714285714285714,0.9811320754716981,0.7222222222222222,0.9264520325101355,0.9415016121602948,0.006493506493506494,0.5930232558139535
mixed_source_development,shared_page_72,hist_gradient_7,73,0.05,0.8278489565857096,CompPhish,2346,1468,878,1444,24,197,681,0.01634877384196185,0.775626423690205,0.9659574468085106,0.8603916614024005,0.9500880859467157,0.9560106881505527,0.015658362989323844,0.8458227040816326
mixed_source_development,shared_page_72,hist_gradient_7,73,0.05,0.8278489565857096,Hannousse_DOM,258,167,91,159,8,21,70,0.04790419161676647,0.7692307692307693,0.8974358974358975,0.8284023668639053,0.9264520325101355,0.9415016121602948,0.05194805194805195,0.7790697674418605
mixed_source_development,shared_page_72,hist_gradient_15,17,0.01,0.9834415923899937,CompPhish,2346,1468,878,1461,7,339,539,0.004768392370572207,0.6138952164009112,0.9871794871794872,0.7570224719101124,0.9590092739087172,0.9675522769733045,0.004626334519572953,0.717686032746432
mixed_source_development,shared_page_72,hist_gradient_15,17,0.01,0.9834415923899937,Hannousse_DOM,258,167,91,166,1,43,48,0.005988023952095809,0.5274725274725275,0.9795918367346939,0.6857142857142857,0.9216557844643622,0.9427518589195235,0.006493506493506494,0.5465116279069767
mixed_source_development,shared_page_72,hist_gradient_15,17,0.05,0.8821120475249113,CompPhish,2346,1468,878,1446,22,195,683,0.014986376021798364,0.7779043280182233,0.9687943262411347,0.8629185091598232,0.9590092739087172,0.9675522769733045,0.014234875444839857,0.8511550453514739
mixed_source_development,shared_page_72,hist_gradient_15,17,0.05,0.8821120475249113,Hannousse_DOM,258,167,91,159,8,25,66,0.04790419161676647,0.7252747252747253,0.8918918918918919,0.8,0.9216557844643622,0.9427518589195235,0.05194805194805195,0.7441860465116279
mixed_source_development,shared_page_72,hist_gradient_15,42,0.01,0.9834415923899937,CompPhish,2346,1468,878,1461,7,339,539,0.004768392370572207,0.6138952164009112,0.9871794871794872,0.7570224719101124,0.9590092739087172,0.9675522769733045,0.004626334519572953,0.717686032746432
mixed_source_development,shared_page_72,hist_gradient_15,42,0.01,0.9834415923899937,Hannousse_DOM,258,167,91,166,1,43,48,0.005988023952095809,0.5274725274725275,0.9795918367346939,0.6857142857142857,0.9216557844643622,0.9427518589195235,0.006493506493506494,0.5465116279069767
mixed_source_development,shared_page_72,hist_gradient_15,42,0.05,0.8821120475249113,CompPhish,2346,1468,878,1446,22,195,683,0.014986376021798364,0.7779043280182233,0.9687943262411347,0.8629185091598232,0.9590092739087172,0.9675522769733045,0.014234875444839857,0.8511550453514739
mixed_source_development,shared_page_72,hist_gradient_15,42,0.05,0.8821120475249113,Hannousse_DOM,258,167,91,159,8,25,66,0.04790419161676647,0.7252747252747253,0.8918918918918919,0.8,0.9216557844643622,0.9427518589195235,0.05194805194805195,0.7441860465116279
mixed_source_development,shared_page_72,hist_gradient_15,73,0.01,0.9834415923899937,CompPhish,2346,1468,878,1461,7,339,539,0.004768392370572207,0.6138952164009112,0.9871794871794872,0.7570224719101124,0.9590092739087172,0.9675522769733045,0.004626334519572953,0.717686032746432
mixed_source_development,shared_page_72,hist_gradient_15,73,0.01,0.9834415923899937,Hannousse_DOM,258,167,91,166,1,43,48,0.005988023952095809,0.5274725274725275,0.9795918367346939,0.6857142857142857,0.9216557844643622,0.9427518589195235,0.006493506493506494,0.5465116279069767
mixed_source_development,shared_page_72,hist_gradient_15,73,0.05,0.8821120475249113,CompPhish,2346,1468,878,1446,22,195,683,0.014986376021798364,0.7779043280182233,0.9687943262411347,0.8629185091598232,0.9590092739087172,0.9675522769733045,0.014234875444839857,0.8511550453514739
mixed_source_development,shared_page_72,hist_gradient_15,73,0.05,0.8821120475249113,Hannousse_DOM,258,167,91,159,8,25,66,0.04790419161676647,0.7252747252747253,0.8918918918918919,0.8,0.9216557844643622,0.9427518589195235,0.05194805194805195,0.7441860465116279
mixed_source_development,shared_page_72,hist_gradient_31,17,0.01,0.9941831311498339,CompPhish,2346,1468,878,1466,2,376,502,0.0013623978201634877,0.571753986332574,0.996031746031746,0.7264833574529667,0.9622540479760927,0.9717054179364794,0.0014234875444839859,0.6743634953981592
mixed_source_development,shared_page_72,hist_gradient_31,17,0.01,0.9941831311498339,Hannousse_DOM,258,167,91,166,1,47,44,0.005988023952095809,0.4835164835164835,0.9777777777777777,0.6470588235294118,0.9142099319769825,0.9443969204448246,0.006493506493506494,0.5
mixed_source_development,shared_page_72,hist_gradient_31,17,0.05,0.9293017026352363,CompPhish,2346,1468,878,1449,19,206,672,0.012942779291553134,0.765375854214123,0.9725036179450073,0.8565965583173997,0.9622540479760927,0.9717054179364794,0.012455516014234875,0.8394982993197279
mixed_source_development,shared_page_72,hist_gradient_31,17,0.05,0.9293017026352363,Hannousse_DOM,258,167,91,159,8,25,66,0.04790419161676647,0.7252747252747253,0.8918918918918919,0.8,0.9142099319769825,0.9443969204448246,0.05194805194805195,0.7383720930232558
mixed_source_development,shared_page_72,hist_gradient_31,42,0.01,0.9941831311498339,CompPhish,2346,1468,878,1466,2,376,502,0.0013623978201634877,0.571753986332574,0.996031746031746,0.7264833574529667,0.9622540479760927,0.9717054179364794,0.0014234875444839859,0.6743634953981592
mixed_source_development,shared_page_72,hist_gradient_31,42,0.01,0.9941831311498339,Hannousse_DOM,258,167,91,166,1,47,44,0.005988023952095809,0.4835164835164835,0.9777777777777777,0.6470588235294118,0.9142099319769825,0.9443969204448246,0.006493506493506494,0.5
mixed_source_development,shared_page_72,hist_gradient_31,42,0.05,0.9293017026352363,CompPhish,2346,1468,878,1449,19,206,672,0.012942779291553134,0.765375854214123,0.9725036179450073,0.8565965583173997,0.9622540479760927,0.9717054179364794,0.012455516014234875,0.8394982993197279
mixed_source_development,shared_page_72,hist_gradient_31,42,0.05,0.9293017026352363,Hannousse_DOM,258,167,91,159,8,25,66,0.04790419161676647,0.7252747252747253,0.8918918918918919,0.8,0.9142099319769825,0.9443969204448246,0.05194805194805195,0.7383720930232558
mixed_source_development,shared_page_72,hist_gradient_31,73,0.01,0.9941831311498339,CompPhish,2346,1468,878,1466,2,376,502,0.0013623978201634877,0.571753986332574,0.996031746031746,0.7264833574529667,0.9622540479760927,0.9717054179364794,0.0014234875444839859,0.6743634953981592
mixed_source_development,shared_page_72,hist_gradient_31,73,0.01,0.9941831311498339,Hannousse_DOM,258,167,91,166,1,47,44,0.005988023952095809,0.4835164835164835,0.9777777777777777,0.6470588235294118,0.9142099319769825,0.9443969204448246,0.006493506493506494,0.5
mixed_source_development,shared_page_72,hist_gradient_31,73,0.05,0.9293017026352363,CompPhish,2346,1468,878,1449,19,206,672,0.012942779291553134,0.765375854214123,0.9725036179450073,0.8565965583173997,0.9622540479760927,0.9717054179364794,0.012455516014234875,0.8394982993197279
mixed_source_development,shared_page_72,hist_gradient_31,73,0.05,0.9293017026352363,Hannousse_DOM,258,167,91,159,8,25,66,0.04790419161676647,0.7252747252747253,0.8918918918918919,0.8,0.9142099319769825,0.9443969204448246,0.05194805194805195,0.7383720930232558
